Sr No ,COMPOUND,SMILES,LogS,smiles_canon,Predicted_LogS,MW,Sol_g_l,Error,MW_Bin,Error_Bin
1,Amantadine,C12(N)CC3CC(C1)CC(C2)C3,-2.19,NC12CC3CC(CC(C3)C1)C2,-0.90590703,151.253,18.78438431753963,1.2840929651260375,150-300,1.0-2.0
2,Amiodarone,C1=CC=CC2=C1C(=C(O2)CCCC)C(=O)C3=CC(=C(OCCN(CC)CC)C(=C3)I)I,-10.4,CCCCc1oc2ccccc2c1C(=O)c1cc(I)c(OCCN(CC)CC)c(I)c1,-8.845042,645.3190000000002,9.220027499078357e-07,1.5549577713012699,600-1000,1.0-2.0
3,Amodiaquine,C1=CC(=CC2=NC=CC(=C12)NC3=CC=C(C(=C3)CN(CC)CC)O)Cl,-5.49,CCN(CC)Cc1cc(Nc2ccnc3cc(Cl)ccc23)ccc1O,-5.5258727,355.86900000000014,0.0010602723946899464,0.035872707366943146,300-450,0-0.2
4,Bisoprolol,CC(C)NCC(COc1ccc(cc1)COCCOC(C)C)O,-2.09,CC(C)NCC(O)COc1ccc(COCCOC(C)C)cc1,-2.288609,325.449,1.6744567205915228,0.19860902786254897,300-450,0-0.2
5,Bromocriptine,[C@@]56(N(C([C@@](NC([C@@H]4C=C3C1=CC=CC2=C1C(=C(Br)[NH]2)C[C@H]3N(C4)C)=O)(C(C)C)O5)=O)[C@H](C(=O)N7[C@H]6CCC7)CC(C)C)O,-5.5,CC(C)CC1C(=O)N2CCCC2C2(O)OC(NC(=O)C3C=C4c5cccc6[nH]c(Br)c(c56)CC4N(C)C3)(C(C)C)C(=O)N12,-6.3560596,654.606,0.0002883503167858521,0.8560595512390137,600-1000,0.5-1.0
6,Buprenorphine,O[C@]([C@@H]1([C@]2([C@H]3([C@]45([C@@]([C@H]([N@@](CC4)(CC4CC4))(Cc4c5c(O3)c(O)cc4))(C1)(CC2))))(OC)))(C(C)(C)C)(C),-6.07,COC12CCC3(CC1C(C)(O)C(C)(C)C)C1Cc4ccc(O)c5c4C3(CCN1CC1CC1)C2O5,-5.0880356,467.65000000000026,0.0038184347931292015,0.9819644165039065,450-600,0.5-1.0
7,Chlorprothixene,C1=C(Cl)C=CC3=C1\C(C2=C(C=CC=C2)S3)=C/CCN(C)C,-5.99,CN(C)CCC=C1c2ccccc2Sc2ccc(Cl)cc21,-6.1302376,315.8690000000001,0.00023402885678450508,0.1402375793457029,300-450,0-0.2
8,Clofazimine,C1=CC=CC3=C1N(C2=CC(=NC(C)C)C(=CC2=N3)NC4=CC=C(Cl)C=C4)C5=CC=C(Cl)C=C5,-9.05,CC(C)N=c1cc2n(-c3ccc(Cl)cc3)c3ccccc3nc-2cc1Nc1ccc(Cl)cc1,-6.747435,473.40700000000015,8.468364991581725e-05,2.3025649070739753,450-600,>2.0
9,Curcumin,Oc1ccc(cc1OC)/C=C/C(=O)CC(=O)/C=C/c2ccc(O)c(OC)c2,-5.36,COc1cc(C=CC(=O)CC(=O)C=Cc2ccc(O)c(OC)c2)ccc1O,-4.563932,368.3850000000001,0.010054720169182477,0.7960680580139163,300-450,0.5-1.0
10,Danazol,[C@@H]23[C@H]([C@H]1[C@]([C@@](C#C)(O)CC1)(C)CC2)CCC4=CC5=C(C[C@]34C)C=NO5,-6.1,C#CC1(O)CCC2C3CCC4=Cc5oncc5CC4(C)C3CCC21C,-5.3054743,337.463,0.0016701361392274523,0.7945257186889645,300-450,0.5-1.0
11,Didanosine,O=C1c2c(N=CN1)[n@@](cn2)([C@@H]1(O[C@H](CO)(CC1))),-1.24,O=c1[nH]cnc2c1ncn2C1CCC(CO)O1,-1.3473941,236.23099999999997,10.615557252559809,0.10739410877227784,150-300,0-0.2
12,Diflunisal,C2=C(C1=CC=C(C(=C1)C(O)=O)O)C(=CC(=C2)F)F,-4.99,O=C(O)c1cc(-c2ccc(F)cc2F)ccc1O,-3.6261146,250.2,0.05917969010188244,1.3638853931427004,150-300,1.0-2.0
13,Diphenhydramine,CN(C)CCOC(c1ccccc1)c2ccccc2,-3.21,CN(C)CCOC(c1ccccc1)c1ccccc1,-2.988416,255.36100000000002,0.2622639570826432,0.22158404350280758,150-300,0.2-0.5
14,Etoxadrol,CC[C@@]1(OC[C@@H](O1)[C@@H]2CCCCN2)c3ccccc3,-1.96,CCC1(c2ccccc2)OCC(C2CCCCN2)O1,-3.4068031,261.36499999999995,0.1024340364562522,1.4468031311035157,150-300,1.0-2.0
15,Ezetimibe,O[C@@H](CC[C@@H]1([C@H](N(C1=O)c1ccc(F)cc1)(c1ccc(O)cc1)))(c1ccc(F)cc1),-4.94,O=C1C(CCC(O)c2ccc(F)cc2)C(c2ccc(O)cc2)N1c1ccc(F)cc1,-4.7601824,409.4320000000001,0.007112125420098893,0.17981761932373086,300-450,0-0.2
16,Fentiazac,c1ccc(cc1)c2nc(c(s2)CC(=O)O)c3ccc(cc3)Cl,-5.84,O=C(O)Cc1sc(-c2ccccc2)nc1-c1ccc(Cl)cc1,-5.066401,329.808,0.002830480709686526,0.7735989952087401,300-450,0.5-1.0
17,Iopanoic_Acid,C1=C(C(=C(C(=C1I)CC(C(O)=O)CC)I)N)I,-5.49,CCC(Cc1c(I)cc(I)c(N)c1I)C(=O)O,-6.117783,570.9340000000001,0.0004353142022612247,0.6277830696105955,450-600,0.5-1.0
18,Itraconazole,[C@]6(C1=C(C=C(Cl)C=C1)Cl)(O[C@@H](COC2=CC=C(C=C2)N5CCN(C3=CC=C(C=C3)N4C(N(C(CC)C)N=C4)=O)CC5)CO6)C[N]7C=NC=N7,-8.98,CCC(C)n1ncn(-c2ccc(N3CCN(c4ccc(OCC5COC(Cn6cncn6)(c6ccc(Cl)cc6Cl)O5)cc4)CC3)cc2)c1=O,-7.6807175,705.6469999999998,1.4718719644369212e-05,1.2992825317382817,600-1000,1.0-2.0
19,Miconazole,C1=C(C=CC(=C1Cl)COC(C[N]2C=NC=C2)C3=C(C=C(C=C3)Cl)Cl)Cl,-5.82,Clc1ccc(COC(Cn2ccnc2)c2ccc(Cl)cc2Cl)c(Cl)c1,-7.1260123,416.135,3.113306849574116e-05,1.306012325286865,300-450,1.0-2.0
20,Mifepristone,[C@H]23C(=C1C(=CC(=O)CC1)CC2)[C@H](C[C@]4([C@H]3CC[C@]4(C#CC)O)C)C5=CC=C(C=C5)N(C)C,-5.22,CC#CC1(O)CCC2C3CCC4=CC(=O)CCC4=C3C(c3ccc(N(C)C)cc3)CC21C,-5.6777864,429.6040000000001,0.0009021567102336124,0.4577863502502444,300-450,0.2-0.5
21,Omeprazole,Cc1cnc(c(c1OC)C)CS(=O)c2[nH]c3ccc(cc3n2)OC,-3.7,COc1ccc2[nH]c(S(=O)Cc3ncc(C)c(OC)c3C)nc2c1,-3.8101568,345.4240000000001,0.053480527227744476,0.11015682220458967,300-450,0-0.2
22,Pioglitazone,CCc1ccc(nc1)CCOc2ccc(cc2)CC3C(=O)NC(=O)S3,-6.2,CCc1ccc(CCOc2ccc(CC3SC(=O)NC3=O)cc2)nc1,-4.667902,356.44700000000006,0.007657605267260807,1.5320980072021486,300-450,1.0-2.0
23,Procaine,C1=C(C(OCCN(CC)CC)=O)C=CC(=C1)N,-2.3,CCN(CC)CCOC(=O)c1ccc(N)cc1,-1.4974405,236.315,7.517108969632536,0.8025595426559446,150-300,0.5-1.0
24,Quinine,[C@@H]2(N1C[C@H](C=C)[C@H](CC1)C2)[C@@H](C3=CC=NC4=C3C=C(C=C4)OC)O,-3.06,C=CC1CN2CCC1CC2C(O)c1ccnc2ccc(OC)cc12,-3.2412953,324.42400000000004,0.1861305475109257,0.1812953376770019,300-450,0-0.2
25,Raloxifene,C(=O)(c1c(-c2ccc(O)cc2)sc3c1ccc(O)c3)c4ccc(OCCN5CCCCC5)cc4,-6.82,O=C(c1ccc(OCCN2CCCCC2)cc1)c1c(-c2ccc(O)cc2)sc2cc(O)ccc12,-5.7474613,473.5940000000004,0.000847119871277301,1.0725386810302737,450-600,1.0-2.0
26,Rifabutin,C(=O)(OC1C(C(OC)C=COC2(C(=O)c3c4c(C(=O)C(=C5C4=NC6(N5)CCN(CC(C)C)CC6)NC(=O)C(=CC=CC(C(O)C(C(O)C1C)C)C)C)c(c(c3O2)C)O)C)C)C,-4.09,COC1C=COC2(C)Oc3c(C)c(O)c4c(c3C2=O)C2=NC3(CCN(CC(C)C)CC3)NC2=C(NC(=O)C(C)=CC=CC(C)C(O)C(C)C(O)C(C)C(OC(C)=O)C1C)C4=O,-6.6031237,847.0190000000002,0.00021123675506214574,2.513123664855957,600-1000,>2.0
27,Saquinavir,[C@@H]15[C@@H](CN([C@@H](C1)C(=O)NC(C)(C)C)C[C@@H](O)[C@@H](NC(=O)[C@@H](NC(=O)C2=NC3=C(C=C2)C=CC=C3)CC(=O)N)CC4=CC=CC=C4)CCCC5,-5.92,CC(C)(C)NC(=O)C1CC2CCCCC2CN1CC(O)C(Cc1ccccc1)NC(=O)C(CC(N)=O)NC(=O)c1ccc2ccccc2n1,-5.375043,670.8549999999998,0.002828692580005735,0.5449570846557616,600-1000,0.5-1.0
28,Sulfadimethoxine,C1=C(N=C(N=C1N[S](C2=CC=C(N)C=C2)(=O)=O)OC)OC,-3.74,COc1cc(NS(=O)(=O)c2ccc(N)cc2)nc(OC)n1,-2.5672145,310.3350000000001,0.8406520370382352,1.172785511016846,300-450,1.0-2.0
29,Tamoxifen,C1=CC(=CC=C1\C(=C(C2=CC=CC=C2)\CC)C3=CC=CC=C3)OCCN(C)C,-7.52,CCC(=C(c1ccccc1)c1ccc(OCCN(C)C)cc1)c1ccccc1,-6.5614576,371.52400000000017,0.00010198334709809846,0.9585423660278316,300-450,0.5-1.0
30,Telmisartan,CCCc1nc2c(cc(cc2n1Cc3ccc(cc3)c4ccccc4C(=O)O)c5nc6ccccc6n5C)C,-6.73,CCCc1nc2c(C)cc(-c3nc4ccccc4n3C)cc2n1Cc1ccc(-c2ccccc2C(=O)O)cc1,-6.924959,514.6290000000002,6.116952013546498e-05,0.1949591827392574,450-600,0-0.2
31,Terfenadine,C1=CC=CC=C1C(C3CCN(CCCC(C2=CC=C(C(C)(C)C)C=C2)O)CC3)(C4=CC=CC=C4)O,-7.74,CC(C)(C)c1ccc(C(O)CCCN2CCC(C(O)(c3ccccc3)c3ccccc3)CC2)cc1,-6.847927,471.6850000000002,6.694605188940275e-05,0.8920729064941408,450-600,0.5-1.0
32,Thiabendazole,C3=CC1=C([NH]C(=N1)C2=CSC=N2)C=C3,-3.97,c1ccc2[nH]c(-c3cscn3)nc2c1,-3.2195013,201.254,0.12140687279519624,0.7504987430572512,150-300,0.5-1.0
