,Unnamed: 0,C_ID,Name,InChIKey,SMILES,CAS,LogS,smiles_canon
0,0.0,A-1,,AAEVYOVXGOFMJO-UHFFFAOYSA-N,S(C)c1nc(NC(C)C)nc(NC(C)C)n1,,-4.1,CSc1nc(NC(C)C)nc(NC(C)C)n1
2,2.0,A-3,,ADIMAYPTOBDMTL-UHFFFAOYSA-N,Clc1cc2C(=NC(O)C(=O)Nc2cc1)c1ccccc1,,-3.95,O=C1Nc2ccc(Cl)cc2C(c2ccccc2)=NC1O
3,3.0,A-4,,AEXMKKGTQYQZCS-UHFFFAOYSA-N,C(CC)(CC)(C)C,,-4.23,CCC(C)(C)CC
4,4.0,A-5,,AFFLGGQVNFXPEV-UHFFFAOYSA-N,C(=C)CCCCCCCC,,-5.51,C=CCCCCCCCC
7,7.0,A-8,,AFYCEAFSNDLKSX-UHFFFAOYSA-N,O=c1oc2c(c(C)c1)ccc(N(CC)CC)c2,,-4.001,CCN(CC)c1ccc2c(C)cc(=O)oc2c1
8,8.0,A-9,,AGAHNABIDCTLHW-UHFFFAOYSA-N,Fc1ccc(C(=O)CCCN2CCC(O)(c3ccc(C)cc3)CC2)cc1,,-4.347,Cc1ccc(C2(O)CCN(CCCC(=O)c3ccc(F)cc3)CC2)cc1
11,11.0,A-12,,AIKKULXCBHRFOS-UHFFFAOYSA-N,S=P(SCC(=O)N(C=O)C)(OC)OC,,-2.0,COP(=S)(OC)SCC(=O)N(C)C=O
12,12.0,A-13,,AIVXUNRQBRKFJO-UHFFFAOYSA-N,S(=O)(=O)(N)c1sc2C(=O)CCSc2c1,,-3.494,NS(=O)(=O)c1cc2c(s1)C(=O)CCS2
15,15.0,A-16,,AMMPGYPPRLWMLW-UHFFFAOYSA-N,O=[N+]([O-])c1cc(N)c(OCC)cc1,,-3.211,CCOc1ccc([N+](=O)[O-])cc1N
20,20.0,A-21,,APTGDJCKNMNFID-UHFFFAOYSA-N,S(=O)(=O)(N)c1sc2S(=O)(=O)CC(O)Cc2c1,,-1.539,NS(=O)(=O)c1cc2c(s1)S(=O)(=O)CC(O)C2
22,22.0,A-23,,AQIXAKUUQRKLND-UHFFFAOYSA-N,S(CCN/C(=N/C)/NC#N)Cc1c(C)[nH]cn1,,-1.40229,CN=C(NC#N)NCCSCc1nc[nH]c1C
24,24.0,A-25,,ARCGXLSVLAOJQL-UHFFFAOYSA-N,O=C(O)c1c(C(=O)O)ccc(C(=O)O)c1,,-0.397,O=C(O)c1ccc(C(=O)O)c(C(=O)O)c1
25,25.0,A-26,,ARGDYOIRHYLIMT-UHFFFAOYSA-N,ClN(Cl)S(=O)(=O)c1ccc(C)cc1,,-3.509,Cc1ccc(S(=O)(=O)N(Cl)Cl)cc1
27,27.0,A-28,,ATROHALUCMTWTB-UHFFFAOYSA-N,S=P(ON=C(C#N)c1ccccc1)(OCC)OCC,,-4.86,CCOP(=S)(OCC)ON=C(C#N)c1ccccc1
32,32.0,A-33,,AVZVLGDSSQKRGL-UHFFFAOYSA-N,O=C(COC(=O)c1ccccc1)N1CCOCC1,,-1.773,O=C(OCC(=O)N1CCOCC1)c1ccccc1
36,36.0,A-37,,BACHBFVBHLGWSL-UHFFFAOYSA-N,Clc1c(Oc2ccc(OC(C(=O)OC)C)cc2)ccc(Cl)c1,,-3.82,COC(=O)C(C)Oc1ccc(Oc2ccc(Cl)cc2Cl)cc1
39,39.0,A-40,,BBXXLROWFHWFQY-UHFFFAOYSA-N,O=c1c(CCCC)c(C)nc(NCC)[nH]1,,-3.02497,CCCCc1c(C)nc(NCC)[nH]c1=O
40,40.0,A-41,,BCCOBQSFUDVTJQ-UHFFFAOYSA-N,FC1(F)C(F)(F)C(F)(F)C1(F)F,,-3.92,FC1(F)C(F)(F)C(F)(F)C1(F)F
42,42.0,A-43,,BDERNNFJNOPAEC-UHFFFAOYSA-N,OCCC,,0.62,CCCO
43,43.0,A-44,,BFCFYVKQTRLZHA-UHFFFAOYSA-N,Clc1c([N+](=O)[O-])cccc1,,-2.55,O=[N+]([O-])c1ccccc1Cl
45,45.0,A-46,,BGHCVCJVXZWKCC-UHFFFAOYSA-N,C(CCCCCCC)CCCCCC,,-7.959992,CCCCCCCCCCCCCC
46,46.0,A-47,,BGNCCUHEGHNNAP-UHFFFAOYSA-N,S(=O)(=O)(N)c1sc2S(=O)(=O)CCC(=O)c2c1,,-3.018,NS(=O)(=O)c1cc2c(s1)S(=O)(=O)CCC2=O
47,47.0,A-48,,BKIMMITUMNQMOS-UHFFFAOYSA-N,C(CCCC)CCCC,,-5.88,CCCCCCCCC
50,50.0,A-51,,BOCJQSFSGAZAPQ-UHFFFAOYSA-N,Clc1c2C(=O)c3c(C(=O)c2ccc1)cccc3,,-5.54,O=C1c2ccccc2C(=O)c2c(Cl)cccc21
51,51.0,A-52,,BOJWTAQWPVBIPG-UHFFFAOYSA-N,Fc1c([N+](=O)[O-])cc(C(=O)O)cc1,,-1.579,O=C(O)c1ccc(F)c([N+](=O)[O-])c1
52,52.0,A-53,,BRBKOPJOKNSWSG-UHFFFAOYSA-N,S(=O)(=O)(N=C(N)N)c1ccc(N)cc1,,-1.98497,NC(N)=NS(=O)(=O)c1ccc(N)cc1
53,53.0,A-54,,BRLQWZUYTZBJKN-UHFFFAOYSA-N,ClCC1OC1,,-0.15,ClCC1CO1
54,54.0,A-55,,BRPOVUNVTUCYNN-UHFFFAOYSA-N,Fc1c(N2C(CC)C(N)C2)cc2n(C3CC3)cc(C(=O)O)c(=O)c2c1,,-3.912,CCC1C(N)CN1c1cc2c(cc1F)c(=O)c(C(=O)O)cn2C1CC1
59,59.0,A-60,,BWXSXZAIQQSFPW-UHFFFAOYSA-N,O=[N+]([O-])c1cc2C(=O)OC(CC)(CC)c2cc1,,-3.656,CCC1(CC)OC(=O)c2cc([N+](=O)[O-])ccc21
60,60.0,A-61,,BXNJHAXVSOCGBA-UHFFFAOYSA-N,O(C)c1cc2[nH]c3c(C)nccc3c2cc1,,-4.48,COc1ccc2c(c1)[nH]c1c(C)nccc12
67,67.0,A-68,,CAQHPYSDQFDJAL-UHFFFAOYSA-N,O=C1C(=NO)c2c(cccc2)C=C1,,-2.937,O=C1C=Cc2ccccc2C1=NO
68,68.0,A-69,,CBFCDTFDPHXCNY-UHFFFAOYSA-N,C(CCCCCCCCCC)CCCCCCCCC,,-8.169989,CCCCCCCCCCCCCCCCCCCC
71,71.0,A-72,,CDOZDBSBBXSXLB-UHFFFAOYSA-N,N(C(CN1c2c(Sc3c1cccc3)cccc2)C)(CC)CC,,-2.145,CCN(CC)C(C)CN1c2ccccc2Sc2ccccc21
72,72.0,A-73,,CDVNZMKTJIBBBV-UHFFFAOYSA-N,O=[N+]([O-])c1c(C)c(C(=O)O)cc([N+](=O)[O-])c1,,-2.6,Cc1c(C(=O)O)cc([N+](=O)[O-])cc1[N+](=O)[O-]
83,85.0,A-86,,CMSMOCZEIVJLDB-UHFFFAOYSA-N,ClCCN(CCCl)P1(=O)OCCCN1,,-0.815,O=P1(N(CCCl)CCCl)NCCCO1
84,86.0,A-87,,CMVQZRLQEOAYSW-UHFFFAOYSA-N,Clc1c(Cl)cccc1[N+](=O)[O-],,-3.48,O=[N+]([O-])c1cccc(Cl)c1Cl
85,87.0,A-88,,CNGDZXAWOIPFFX-UHFFFAOYSA-N,S(=O)(=O)(N)c1scc(C(=O)c2ccc(OC)cc2)c1,,-4.473,COc1ccc(C(=O)c2csc(S(N)(=O)=O)c2)cc1
91,93.0,A-94,,CTJMNBROBOZHAP-UHFFFAOYSA-N,Fc1c(N2CC(N)C2)cc2n(C3CC3)cc(C(=O)O)c(=O)c2c1,,-5.324,NC1CN(c2cc3c(cc2F)c(=O)c(C(=O)O)cn3C2CC2)C1
93,95.0,A-96,,CVQODEWAPZVVBU-UHFFFAOYSA-N,O=C(Oc1cc(C)cc(C)c1)NC,,-2.58,CNC(=O)Oc1cc(C)cc(C)c1
94,96.0,A-97,,CVRALZAYCYJELZ-UHFFFAOYSA-N,Brc1c(Cl)cc(OP(=S)(OC)c2ccccc2)c(Cl)c1,,-5.66,COP(=S)(Oc1cc(Cl)c(Br)cc1Cl)c1ccccc1
99,101.0,A-102,,CXWXQJXEFPUFDZ-UHFFFAOYSA-N,c12c(cccc1)CCCC2,,-4.37,c1ccc2c(c1)CCCC2
101,103.0,A-104,,CZGCEKJOLUNIFY-UHFFFAOYSA-N,Clc1ccc([N+](=O)[O-])cc1,,-2.92,O=[N+]([O-])c1ccc(Cl)cc1
102,104.0,A-105,,CZIHNRWJTSTCEX-UHFFFAOYSA-N,O=C(Nc1cc2c(c3c(cccc3)C2)cc1)C,,-4.235,CC(=O)Nc1ccc2c(c1)Cc1ccccc1-2
103,105.0,A-106,,CZMRCDWAGMRECN-UGDNZRGBSA-N,O([C@@H]1[C@H](O)[C@@H](O)[C@H](O)[C@@H](CO)O1)[C@@]1(CO)[C@@H](O)[C@H](O)[C@@H](CO)O1,,0.79,OCC1OC(OC2(CO)OC(CO)C(O)C2O)C(O)C(O)C1O
105,107.0,A-108,,DBABZHXKTCFAPX-UHFFFAOYSA-N,S(=O)(=O)(N(CCC)CCC)c1ccc(C(=O)O)cc1,,-4.021,CCCN(CCC)S(=O)(=O)c1ccc(C(=O)O)cc1
107,109.0,A-110,,DCAYPVUWAIABOU-UHFFFAOYSA-N,C(CCCCCCCC)CCCCCCC,,-8.400008,CCCCCCCCCCCCCCCC
110,112.0,A-113,,DEKWZWCFHUABHE-UHFFFAOYSA-N,Clc1ccc(C(CC(=O)C)c2c(=O)oc3c(c2O)cccc3)cc1,,-5.84,CC(=O)CC(c1ccc(Cl)cc1)c1c(O)c2ccccc2oc1=O
116,118.0,A-119,,DFXQXFGFOLXAPO-UHFFFAOYSA-N,Clc1c([N+](=O)[O-])cc(C(=O)O)cc1,,-2.66815,O=C(O)c1ccc(Cl)c([N+](=O)[O-])c1
118,120.0,A-121,,DHMQDGOQFOQNFH-UHFFFAOYSA-N,O=C(O)CN,,0.521792,NCC(=O)O
120,122.0,A-123,,DJHHDLMTUOLVHY-UHFFFAOYSA-N,Clc1c(Cl)c(Cl)c2Oc3c(Oc2c1Cl)cccc3,,-8.770062,Clc1c(Cl)c(Cl)c2c(c1Cl)Oc1ccccc1O2
121,123.0,A-124,,DJPZSBANTAQNFN-UHFFFAOYSA-N,O=C(OC1C2(C)C(C3C(C4(C)C(=CC(=O)CC4)CC3)CC2)CC1)C,,-5.18,CC(=O)OC1CCC2C3CCC4=CC(=O)CCC4(C)C3CCC12C
125,127.0,A-128,,DLVAUVPZQHGFJC-UHFFFAOYSA-N,O=C(N(CC(=O)N)C)COC(=O)c1ccccc1,,-0.918,CN(CC(N)=O)C(=O)COC(=O)c1ccccc1
126,128.0,A-129,,DMDGGSIALPNSEE-UHFFFAOYSA-N,S(=O)(=O)(N)c1c(C(F)(F)F)cc2NCNS(=O)(=O)c2c1,,-3.02,NS(=O)(=O)c1cc2c(cc1C(F)(F)F)NCNS2(=O)=O
131,133.0,A-134,,DOWJXOHBNXRUOD-UHFFFAOYSA-N,Cc1c2c(c3c(cc2)cccc3)ccc1,,-5.85,Cc1cccc2c1ccc1ccccc12
133,135.0,A-136,,DPSPPJIUMHPXMA-UHFFFAOYSA-N,Fc1cc2c(=O)c(C(=O)O)cn3C(C)CCc(c23)c1,,-3.7326,CC1CCc2cc(F)cc3c(=O)c(C(=O)O)cn1c23
137,139.0,A-140,,DRLFMBDRBRZALE-UHFFFAOYSA-N,O=C(NCCc1c2c([nH]c1)ccc(OC)c2)C,,-5.094,COc1ccc2[nH]cc(CCNC(C)=O)c2c1
138,140.0,A-141,,DRUIESSIVFYOMK-UHFFFAOYSA-N,ClC(Cl)(Cl)C#N,,-2.17,N#CC(Cl)(Cl)Cl
139,141.0,A-142,,DSBMOVYUOIIPDK-UHFFFAOYSA-N,O=C1N(Cc2ccccc2)C(=O)NC1(C)C,,-1.795,CC1(C)NC(=O)N(Cc2ccccc2)C1=O
141,143.0,A-144,,DSRNRYQBBJQVCW-UHFFFAOYSA-N,Clc1c(OC)ccc(NC(=O)N(C)C)c1,,-2.56,COc1ccc(NC(=O)N(C)C)cc1Cl
147,149.0,A-150,,DWEPFAMAQPVFBH-UHFFFAOYSA-N,S(=O)(=O)(N)c1sc2S(=O)CCC(O)c2c1,,-1.348,NS(=O)(=O)c1cc2c(s1)S(=O)CCC2O
148,150.0,A-151,,DXXVCXKMSWHGTF-UHFFFAOYSA-N,Clc1c(Oc2cc(OC)c([N+](=O)[O-])cc2)ccc(Cl)c1,,-5.906,COc1cc(Oc2ccc(Cl)cc2Cl)ccc1[N+](=O)[O-]
152,154.0,A-155,,DZTHIGRZJZPRDV-UHFFFAOYSA-N,O=C(O)C(NC(=O)C)Cc1c2c([nH]c1)cccc2,,-2.31,CC(=O)NC(Cc1c[nH]c2ccccc12)C(=O)O
153,155.0,A-156,,DZZWHBIBMUVIIW-DTORHVGOSA-N,Fc1c(N2C[C@@H](C)N[C@@H](C)C2)c(F)c2n(C3CC3)cc(C(=O)O)c(=O)c2c1N,,-3.3711,CC1CN(c2c(F)c(N)c3c(=O)c(C(=O)O)cn(C4CC4)c3c2F)CC(C)N1
155,157.0,A-158,,FCYQIDFMSYIAEB-UHFFFAOYSA-N,O(COc1c2OC3C(O)CCC4C53c2c(cc1)CC4N(C)CC5)C,,-1.959,COCOc1ccc2c3c1OC1C(O)CCC4C(C2)N(C)CCC341
157,159.0,A-160,,FDPIMTJIUBPUKL-UHFFFAOYSA-N,O=C(CC)CC,,-0.28,CCC(=O)CC
158,160.0,A-161,,FEFQUIPMKBPKAR-UHFFFAOYSA-N,O=C(N1C(=O)CCCCC1)c1ccccc1,,-2.167,O=C1CCCCCN1C(=O)c1ccccc1
159,161.0,A-162,,FEMZVDSBIXDODB-UHFFFAOYSA-N,Fc1c(N2CC(N)(C)C2)c(F)cc2c(=O)c(C(=O)O)cn(C3CC3)c12,,-5.639,CC1(N)CN(c2c(F)cc3c(=O)c(C(=O)O)cn(C4CC4)c3c2F)C1
162,164.0,A-165,,FFGPTBGBLSHEPO-UHFFFAOYSA-N,O=C(N)N1c2c(cccc2)C=Cc2c1cccc2,,-3.07931,NC(=O)N1c2ccccc2C=Cc2ccccc21
164,166.0,A-167,,FHADSMKORVFYOS-UHFFFAOYSA-N,OC1CCCCCCC1,,-1.29,OC1CCCCCCC1
167,169.0,A-170,,FMINYZXVCTYSNY-UHFFFAOYSA-N,O=C(N(C)c1ccccc1)NC(C)(C)c1ccccc1,,-3.35,CN(C(=O)NC(C)(C)c1ccccc1)c1ccccc1
168,170.0,A-171,,FMKMKBLHMONXJM-UHFFFAOYSA-N,Nc1n(c2ccccc2)nc(C)c1,,-0.938,Cc1cc(N)n(-c2ccccc2)n1
170,172.0,A-173,,FNROXVCRPXYLRT-UHFFFAOYSA-N,O=C(N(C)C)CCCOC(=O)c1ccccc1,,-1.229,CN(C)C(=O)CCCOC(=O)c1ccccc1
173,175.0,A-176,,FOIBFBMSLDGNHL-UHFFFAOYSA-N,Clc1c(Cl)c(Cl)c2Oc3c(Cl)c(Cl)c(Cl)c(Cl)c3Oc2c1Cl,,-12.790485,Clc1c(Cl)c(Cl)c2c(c1Cl)Oc1c(Cl)c(Cl)c(Cl)c(Cl)c1O2
174,176.0,A-177,,FPQJEXTVQZHURJ-UHFFFAOYSA-N,O=C(NCCO)C(=O)NCCO,,-0.112,O=C(NCCO)C(=O)NCCO
176,178.0,A-179,,FRQUNVLMWIYOLV-UHFFFAOYSA-N,Clc1c(Cl)c(OC)ccc1Cl,,-4.29,COc1ccc(Cl)c(Cl)c1Cl
177,179.0,A-180,,FSCWZHGZWWDELK-UHFFFAOYSA-N,Clc1cc(Cl)cc(N2C(=O)C(C=C)(C)OC2=O)c1,,-4.93,C=CC1(C)OC(=O)N(c2cc(Cl)cc(Cl)c2)C1=O
178,180.0,A-181,,FSERHDPEOFYMMK-UHFFFAOYSA-N,Brc1cc2c(CN(C)C)c[nH]c2cc1,,-4.0552,CN(C)Cc1c[nH]c2ccc(Br)cc12
179,181.0,A-182,,FSVJFNAIGNNGKK-UHFFFAOYSA-N,O=C(N1CC(=O)N2C(c3c(cccc3)CC2)C1)C1CCCCC1,,-3.193,O=C(C1CCCCC1)N1CC(=O)N2CCc3ccccc3C2C1
181,183.0,A-184,,FUKCEEDRHGCYHH-UHFFFAOYSA-N,O=C(NCCCC)COC(=O)c1ccccc1,,-2.759,CCCCNC(=O)COC(=O)c1ccccc1
183,185.0,A-186,,FUUHMSUPRUNWRQ-UHFFFAOYSA-N,Clc1c(Cl)c(Cl)cc(OC)c1Cl,,-5.26,COc1cc(Cl)c(Cl)c(Cl)c1Cl
184,186.0,A-187,,FVSKHRXBFJPNKK-UHFFFAOYSA-N,N#CCC,,0.28,CCC#N
186,188.0,A-189,,FZBXGZBXWFNCQY-UHFFFAOYSA-N,O=C(COC(=O)c1ccccc1)N1CCCCCC1,,-2.542,O=C(OCC(=O)N1CCCCCC1)c1ccccc1
188,190.0,A-191,,GABQNAFEZZDSCM-UHFFFAOYSA-N,O=C(OCC=Cc1ccccc1)c1c(N)cccc1,,-6.042,Nc1ccccc1C(=O)OCC=Cc1ccccc1
190,192.0,A-193,,GBROPGWFBFCKAG-UHFFFAOYSA-N,c12c3c(c4c(cc3)cccc4)ccc1c1c(cc2)cccc1,,-7.869988,c1ccc2c(c1)ccc1c2ccc2c3ccccc3ccc21
193,195.0,A-196,,GCQZFVAHUZIDRP-UHFFFAOYSA-N,S(=O)(=O)(Nc1ccc(S(=O)(=O)N)cc1)c1ccc(N)cc1,,-2.759,Nc1ccc(S(=O)(=O)Nc2ccc(S(N)(=O)=O)cc2)cc1
198,200.0,A-201,,GFBKOADVXIDVBA-UHFFFAOYSA-N,S(=O)(=O)(NC(=O)OCCCC)N,,-1.038,CCCCOC(=O)NS(N)(=O)=O
200,202.0,A-203,,GILNGPKTMRSQDW-UHFFFAOYSA-N,O=C(COC(=O)c1ccccc1)N1CCCC1,,-1.568,O=C(OCC(=O)N1CCCC1)c1ccccc1
201,203.0,A-204,,GIUGGRUEPHPVNR-UHFFFAOYSA-N,Clc1cc2Oc3c(Oc2cc1)cccc3,,-5.87,Clc1ccc2c(c1)Oc1ccccc1O2
204,206.0,A-207,,GLDOVTGHNKAZLK-UHFFFAOYSA-N,OCCCCCCCCCCCCCCCCCC,,-8.400008,CCCCCCCCCCCCCCCCCCO
208,210.0,A-211,,GOHBXWHNJHENRX-UHFFFAOYSA-N,Cc1c2c(c3c(c1)cccc3)ccc1c2cccc1,,-6.589999,Cc1cc2ccccc2c2ccc3ccccc3c12
211,213.0,A-214,,GRWAIJBHBCCLGS-UHFFFAOYSA-N,O=C(O)Cn1nnnc1,,0.083568,O=C(O)Cn1cnnn1
212,214.0,A-215,,GSDSWSVVBLHKDQ-UHFFFAOYSA-N,Fc1c(N2CCN(C)CC2)c2OCC(C)n3c2c(c(=O)c(C(=O)O)c3)c1,,-1.2655,CC1COc2c(N3CCN(C)CC3)c(F)cc3c(=O)c(C(=O)O)cn1c23
214,216.0,A-217,,GUGOEEXESWIERI-UHFFFAOYSA-N,OC(c1ccccc1)(c1ccccc1)C1CCN(CCCC(O)c2ccc(C(C)(C)C)cc2)CC1,,-4.871,CC(C)(C)c1ccc(C(O)CCCN2CCC(C(O)(c3ccccc3)c3ccccc3)CC2)cc1
217,219.0,A-220,,GWOFUCIGLDBNKM-UHFFFAOYSA-N,Clc1cc2nccc(Nc3c(C(=O)OCC(O)CO)cccc3)c2cc1,,-4.55319,O=C(OCC(O)CO)c1ccccc1Nc1ccnc2cc(Cl)ccc12
222,224.0,A-225,,GYTMHWVFKHLDEA-UHFFFAOYSA-N,S(=O)(=O)(N)c1scc(C(=O)c2ccc(C)cc2)c1,,-4.449,Cc1ccc(C(=O)c2csc(S(N)(=O)=O)c2)cc1
231,233.0,A-234,,HHMCAJWVGYGUEF-UHFFFAOYSA-N,FC(F)(F)c1cc([N+](=O)[O-])c(Oc2ccc([N+](=O)[O-])cc2)cc1,,-5.22,O=[N+]([O-])c1ccc(Oc2ccc(C(F)(F)F)cc2[N+](=O)[O-])cc1
232,234.0,A-235,,HHOSMYBYIHNXNO-UHFFFAOYSA-N,C(CCC(C)C)(C)(C)C,,-5.05,CC(C)CCC(C)(C)C
233,235.0,A-236,,HJUFTIJOISQSKQ-UHFFFAOYSA-N,O=C(OCC)NCCOc1ccc(Oc2ccccc2)cc1,,-4.69948,CCOC(=O)NCCOc1ccc(Oc2ccccc2)cc1
239,241.0,A-242,,HMIBKHHNXANVHR-UHFFFAOYSA-N,S(C(=O)N(C)C)CCCCOc1ccccc1,,-3.93,CN(C)C(=O)SCCCCOc1ccccc1
240,242.0,A-243,,HMSWAIKSFDFLKN-UHFFFAOYSA-N,C(CCCCCCCCCCCCC)CCCCCCCCCCCC,,-8.330032,CCCCCCCCCCCCCCCCCCCCCCCCCC
241,243.0,A-244,,HNDVDQJCIGZPNO-YFKPBYRVSA-N,O=C(O)[C@@H](N)Cc1[nH]cnc1,,-0.56543,NC(Cc1cnc[nH]1)C(=O)O
243,245.0,A-246,,HOQADATXFBOEGG-UHFFFAOYSA-N,S=P(OCC)(Oc1c(C(=O)OC(C)C)cccc1)NC(C)C,,-4.19,CCOP(=S)(NC(C)C)Oc1ccccc1C(=O)OC(C)C
245,247.0,A-248,,HPQURZRDYMUHJI-UHFFFAOYSA-N,C(CCC1CCCC1)CC,,-6.08,CCCCCC1CCCC1
250,252.0,A-253,,HRVUKLBFRPWXPJ-UHFFFAOYSA-N,Clc1c(Cl)cc(Cl)c2Oc3c(Oc12)cccc3,,-7.596665,Clc1cc(Cl)c2c(c1Cl)Oc1ccccc1O2
251,253.0,A-254,,HSFWRNGVRCDJHI-UHFFFAOYSA-N,C#C,,0.29,C#C
252,254.0,A-255,,HUPFGZXOMWLGNK-UHFFFAOYSA-N,Fc1c(c2cc(C(=O)O)c(O)cc2)ccc(F)c1,,-4.114,O=C(O)c1cc(-c2ccc(F)cc2F)ccc1O
254,256.0,A-257,,HWHLPVGTWGOCJO-UHFFFAOYSA-N,OC(CCN1CCCCC1)(c1ccccc1)C1CCCCC1,,-1.815,OC(CCN1CCCCC1)(c1ccccc1)C1CCCCC1
257,259.0,A-260,,HYIMSNHJOBLJNT-UHFFFAOYSA-N,O=[N+]([O-])c1c(C2C(=C(C)NC(=C2C(=O)OC)C)C(=O)OC)cccc1,,-4.63622,COC(=O)C1=C(C)NC(C)=C(C(=O)OC)C1c1ccccc1[N+](=O)[O-]
259,261.0,A-262,,HYVMOJOTZLNZPF-UHFFFAOYSA-N,S(=O)(=O)(N)c1sc2C(=O)CCS(=O)(=O)c2c1,,-3.671,NS(=O)(=O)c1cc2c(s1)C(=O)CCS2(=O)=O
260,262.0,A-263,,HYWYRSMBCFDLJT-UHFFFAOYSA-N,S(=O)(=O)(Nc1c(Oc2ccccc2)cc([N+](=O)[O-])cc1)C,,-4.489,CS(=O)(=O)Nc1ccc([N+](=O)[O-])cc1Oc1ccccc1
261,263.0,A-264,,IAIWVQXQOWNYOU-UHFFFAOYSA-N,O=[N+]([O-])c1oc(C=NNC(=O)N)cc1,,-2.92,NC(=O)NN=Cc1ccc([N+](=O)[O-])o1
264,266.0,A-267,,IDOWTHOLJBTAFI-UHFFFAOYSA-N,O=C(OC)Nc1cc(OC(=O)Nc2cc(C)ccc2)ccc1,,-4.789885,COC(=O)Nc1cccc(OC(=O)Nc2cccc(C)c2)c1
265,267.0,A-268,,IFEKQNAXDMZERW-UHFFFAOYSA-N,O=C(O)C(N)Cc1n[nH]c2c1cccc2,,-1.407,NC(Cc1n[nH]c2ccccc12)C(=O)O
267,269.0,A-270,,IGEMDIAQXSOCKX-UHFFFAOYSA-N,S(=O)(=O)(N)c1scc(S(=O)(=O)c2ccc(O)cc2)c1,,-3.027,NS(=O)(=O)c1cc(S(=O)(=O)c2ccc(O)cc2)cs1
268,270.0,A-271,,IIZIPXWXNPFUOU-UHFFFAOYSA-N,O=C(N(CCO)CC)COC(=O)c1ccccc1,,-1.367,CCN(CCO)C(=O)COC(=O)c1ccccc1
269,271.0,A-272,,IJFPVINAQGWBRJ-UHFFFAOYSA-N,O=C(OCCCCCC(C)C)c1c(C(=O)OCCCCCC(C)C)cccc1,,-6.639999,CC(C)CCCCCOC(=O)c1ccccc1C(=O)OCCCCCC(C)C
271,273.0,A-274,,IKZBNCORGKYEDZ-UHFFFAOYSA-N,Fc1c(N2CC(N)C2)c(F)cc2c(=O)c(C(=O)O)cn(C3CC3)c12,,-5.269,NC1CN(c2c(F)cc3c(=O)c(C(=O)O)cn(C4CC4)c3c2F)C1
273,275.0,A-276,,IMMLSOUHQHJKTL-UHFFFAOYSA-N,ClC1=CC=CCC(=C1NC1C(=CC=CC=C1)CC(=O)OCC(=O)NC(C(=O)OC)C)Cl,,-1.45272,COC(=O)C(C)NC(=O)COC(=O)CC1=CC=CC=CC1NC1=C(Cl)CC=CC=C1Cl
277,279.0,A-280,,IMWQMZMZPWIQBE-UHFFFAOYSA-N,O=C(NN=C(C=NNC(=O)N)C)N,,-1.948,CC(C=NNC(N)=O)=NNC(N)=O
279,281.0,A-282,,IOUNQDKNJZEDEP-UHFFFAOYSA-N,Clc1cc2oc(=O)n(CSP(=S)(OCC)OCC)c2cc1,,-5.23,CCOP(=S)(OCC)SCn1c(=O)oc2cc(Cl)ccc21
285,287.0,A-288,,ISEUFVQQFVOBCY-UHFFFAOYSA-N,O(C)c1nc(NC(C)C)nc(NC(C)C)n1,,-2.48,COc1nc(NC(C)C)nc(NC(C)C)n1
286,288.0,A-289,,ISMYLNZMKJLINI-UHFFFAOYSA-N,O=c1n(CC)c2c(n(CC)c3ncccc13)nccc2,,-2.86,CCN1C(=O)c2cccnc2N(CC)c2ncccc21
292,294.0,A-295,,IWYDHOAUDWTVEP-UHFFFAOYSA-N,O=C(O)C(O)c1ccccc1,,0.050732,O=C(O)C(O)c1ccccc1
294,296.0,A-297,,IZNWACYOILBFEG-UHFFFAOYSA-N,O=[N+]([O-])c1c(C)ccc2c1cccc2,,-4.272,Cc1ccc2ccccc2c1[N+](=O)[O-]
300,302.0,A-303,,JHBKHLUZVFWLAG-UHFFFAOYSA-N,Clc1c(Cl)cc(Cl)c(Cl)c1,,-5.512673,Clc1cc(Cl)c(Cl)cc1Cl
303,305.0,A-306,,JIEKMACRVQTPRC-UHFFFAOYSA-N,Clc1ccc(c2c(CC(=O)O)sc(c3ccccc3)n2)cc1,,-4.966,O=C(O)Cc1sc(-c2ccccc2)nc1-c1ccc(Cl)cc1
305,307.0,A-308,,JIVPVXMEBJLZRO-UHFFFAOYSA-N,Clc1c(S(=O)(=O)N)cc(C2(O)NC(=O)c3c2cccc3)cc1,,-3.38927,NS(=O)(=O)c1cc(C2(O)NC(=O)c3ccccc32)ccc1Cl
314,316.0,A-317,,JPLCQHHISLYGRA-UHFFFAOYSA-N,O=C(Nc1cnc(OC)cc1)C1CC1,,-2.138,COc1ccc(NC(=O)C2CC2)cn1
315,317.0,A-318,,JQUIGGQYRQVIIE-UHFFFAOYSA-N,O=C(N(C(=O)C)C)COC(=O)c1ccccc1,,-0.495,CC(=O)N(C)C(=O)COC(=O)c1ccccc1
318,320.0,A-321,,JTAGHJPZEDNHHA-UHFFFAOYSA-N,O=C(NCCc1cc(OC)c(OC)cc1)CNc1cc(C(=O)NC)ccc1,,-1.845,CNC(=O)c1cccc(NCC(=O)NCCc2ccc(OC)c(OC)c2)c1
320,322.0,A-323,,JUHORIMYRDESRB-UHFFFAOYSA-N,N(CCNCc1ccccc1)Cc1ccccc1,,-1.206,c1ccc(CNCCNCc2ccccc2)cc1
322,324.0,A-325,,JVPGYYNQTPWXGE-UHFFFAOYSA-N,Cc1ccc(c2sc3c(n2)cccc3)cc1,,-4.353,Cc1ccc(-c2nc3ccccc3s2)cc1
323,325.0,A-326,,JVSWJIKNEAIKJW-UHFFFAOYSA-N,C(CCCCC)(C)C,,-5.08,CCCCCC(C)C
327,329.0,A-330,,JWZZKOKVBUJMES-UHFFFAOYSA-N,OC(CNC(C)C)c1cc(O)c(O)cc1,,0.14,CC(C)NCC(O)c1ccc(O)c(O)c1
328,330.0,A-331,,JXCGFZXSOMJFOA-UHFFFAOYSA-N,Clc1c(C)ccc(NC(=O)N(C)C)c1,,-3.46,Cc1ccc(NC(=O)N(C)C)cc1Cl
331,333.0,A-334,,JYFHYPJRHGVZDY-UHFFFAOYSA-N,P(=O)(OCCCC)(OCCCC)O,,-1.087,CCCCOP(=O)(O)OCCCC
334,336.0,A-337,,JZQKKSLKJUAGIC-UHFFFAOYSA-N,O(CC(O)CNC(C)C)c1c2c([nH]cc2)ccc1,,-3.85453,CC(C)NCC(O)COc1cccc2[nH]ccc12
337,339.0,A-340,,KAATUXNTWXVJKI-UHFFFAOYSA-N,ClC(=CC1C(C)(C)C1C(=O)OC(C#N)c1cc(Oc2ccccc2)ccc1)Cl,,-8.019997,CC1(C)C(C=C(Cl)Cl)C1C(=O)OC(C#N)c1cccc(Oc2ccccc2)c1
338,340.0,A-341,,KAESVJOAVNADME-UHFFFAOYSA-N,[nH]1cccc1,,-0.17,c1cc[nH]c1
339,341.0,A-342,,KANLOADZXMMCQA-UHFFFAOYSA-N,Cc1cc2c(c3c(cc2)cccc3)cc1,,-5.84,Cc1ccc2c(ccc3ccccc32)c1
340,342.0,A-343,,KDDQDUIBYASSFC-UHFFFAOYSA-N,FC(F)(F)c1c2[nH]c(=O)c3c(n(CC)c2nc(C)c1)nccc3,,-4.21,CCN1c2ncccc2C(=O)Nc2c(C(F)(F)F)cc(C)nc21
343,345.0,A-346,,KFIRODWJCYBBHY-UHFFFAOYSA-N,O=[N+]([O-])c1c(C(=O)O)c(C(=O)O)ccc1,,-1.00776,O=C(O)c1cccc([N+](=O)[O-])c1C(=O)O
345,347.0,A-348,,KFZMGEQAYNKOFK-UHFFFAOYSA-N,OC(C)C,,0.43,CC(C)O
349,351.0,A-352,,KIEDNEWSYUYDSN-UHFFFAOYSA-N,Clc1c(CN2C(=O)C(C)(C)CO2)cccc1,,-2.34,CC1(C)CON(Cc2ccccc2Cl)C1=O
350,352.0,A-353,,KIGQVWWOESIMBG-UHFFFAOYSA-N,O=C(O)CN(CCC#N)CCC#N,,0.46,N#CCCN(CCC#N)CC(=O)O
354,356.0,A-357,,KJVQYDYPDFFJMP-UHFFFAOYSA-N,S(=O)(=O)(Nc1scc(C)n1)c1ccc(N)cc1,,-2.909,Cc1csc(NS(=O)(=O)c2ccc(N)cc2)n1
355,357.0,A-358,,KMAQZIILEGKYQZ-UHFFFAOYSA-N,Clc1cc([N+](=O)[O-])ccc1,,-2.77,O=[N+]([O-])c1cccc(Cl)c1
358,360.0,A-361,,KOCYTWBTXZOUFS-UHFFFAOYSA-N,Cc1nc2ncncc2nc1,,0.06,Cc1cnc2cncnc2n1
359,361.0,A-362,,KPQZUUQMTUIKBP-UHFFFAOYSA-N,O=[N+]([O-])c1n(CC(O)C)c(C)nc1,,-0.737,Cc1ncc([N+](=O)[O-])n1CC(C)O
363,365.0,A-366,,KRTSDMXIXPKRQR-UHFFFAOYSA-N,P(=O)(OC(=CC(=O)NC)C)(OC)OC,,0.65,CNC(=O)C=C(C)OP(=O)(OC)OC
365,367.0,A-368,,KSFDHSSNYJNHAN-UHFFFAOYSA-N,CC1=Nc2c(N=C(C)C1)cccc2,,-1.367,CC1=Nc2ccccc2N=C(C)C1
366,368.0,A-369,,KSMVNVHUTQZITP-UHFFFAOYSA-N,Clc1c(Cl)cc2c(oc3c2cc(Cl)c(Cl)c3)c1,,-8.860121,Clc1cc2oc3cc(Cl)c(Cl)cc3c2cc1Cl
367,369.0,A-370,,KSUUMAWCGDNLFK-UHFFFAOYSA-N,O=C(NC(=O)C(C(C)C)CC=C)N,,-2.747,C=CCC(C(=O)NC(N)=O)C(C)C
370,372.0,A-373,,KUCQYCKVKVOKAY-UHFFFAOYSA-N,Clc1ccc(C2CCC(C3=C(O)C(=O)c4c(C3=O)cccc4)CC2)cc1,,-5.93,O=C1C(O)=C(C2CCC(c3ccc(Cl)cc3)CC2)C(=O)c2ccccc21
371,373.0,A-374,,KVBGVZZKJNLNJU-UHFFFAOYSA-N,S(=O)(=O)(O)c1cc2c(cc1)cccc2,,-1.265,O=S(=O)(O)c1ccc2ccccc2c1
372,374.0,A-375,,KVFJBIQWENJTDM-UHFFFAOYSA-N,c12c3cc4c5c(ccc4c1CCc2ccc3)cccc5,,-7.850011,c1cc2c3c(c4ccc5ccccc5c4cc3c1)CC2
375,377.0,A-378,,KXYFWLVSYHRZJL-UHFFFAOYSA-N,O=C(N(CC(C)C)CC(C)C)COC(=O)c1ccccc1,,-3.561,CC(C)CN(CC(C)C)C(=O)COC(=O)c1ccccc1
376,378.0,A-379,,KZJRKRQSDZGHEC-UHFFFAOYSA-N,FC(F)(F)C(=O)c1ccccc1,,-1.155,O=C(c1ccccc1)C(F)(F)F
378,380.0,A-381,,KZOFCELNVLSKGC-UHFFFAOYSA-N,O=C(NCCc1cc(OC)c(OC)cc1)CNc1cc(C(=O)N)ccc1,,-2.686,COc1ccc(CCNC(=O)CNc2cccc(C(N)=O)c2)cc1OC
379,381.0,A-382,,KZTYYGOKRVBIMI-UHFFFAOYSA-N,S(=O)(=O)(c1ccccc1)c1ccccc1,,-3.64378,O=S(=O)(c1ccccc1)c1ccccc1
380,382.0,A-383,,LAIUFBWHERIJIH-UHFFFAOYSA-N,C(CCCC)(CC)C,,-5.16,CCCCC(C)CC
382,384.0,A-385,,LDCFNNYCIXKMNJ-UHFFFAOYSA-N,O=C(N(CC(O)C)CC(O)C)COC(=O)c1ccccc1,,-1.178,CC(O)CN(CC(C)O)C(=O)COC(=O)c1ccccc1
383,385.0,A-386,,LEBVLXFERQHONN-UHFFFAOYSA-N,O=C(Nc1c(C)cccc1C)C1N(CCCC)CCCC1,,-3.2241,CCCCN1CCCCC1C(=O)Nc1c(C)cccc1C
384,386.0,A-387,,LESVOLZBIFDZGS-UHFFFAOYSA-N,S(P(=O)(OC)OC)CCSC(C(=O)NC)C,,1.14,CNC(=O)C(C)SCCSP(=O)(OC)OC
386,388.0,A-389,,LFQSCWFLJHTTHZ-UHFFFAOYSA-N,OCC,,1.1,CCO
388,390.0,A-391,,LGDSHSYDSCRFAB-UHFFFAOYSA-N,S=C=NC,,-1.0,CN=C=S
391,393.0,A-394,,LINPVWIEWJTEEJ-UHFFFAOYSA-N,Clc1cc2C(O)(C(=O)OC)c3c(c2cc1)cccc3,,-4.18,COC(=O)C1(O)c2ccccc2-c2ccc(Cl)cc21
392,394.0,A-395,,LJCFRMUKLSCNKV-UHFFFAOYSA-N,O=C(N(CCOC)CCOC)COC(=O)c1ccccc1,,-1.573,COCCN(CCOC)C(=O)COC(=O)c1ccccc1
400,402.0,A-403,,LNVGTRNKWNAINT-UHFFFAOYSA-N,S(=O)(=O)(N)c1sc2C(O)CCS(=O)(=O)c2c1,,-1.276,NS(=O)(=O)c1cc2c(s1)C(O)CCS2(=O)=O
401,403.0,A-404,,LOAUVZALPPNFOQ-UHFFFAOYSA-N,O=C(O)c1nc2c(cc1)cccc2,,-1.088,O=C(O)c1ccc2ccccc2n1
403,405.0,A-406,,LQLIEICEYDIWLO-UHFFFAOYSA-N,O=C1C(CC(C)C)OC(O)C(Cc2ccccc2)N1,,-2.12,CC(C)CC1OC(O)C(Cc2ccccc2)NC1=O
405,407.0,A-408,,LRQUYRADZABVMX-UHFFFAOYSA-N,S(=O)(=O)(N)c1scc(S(=O)(=O)c2cc(O)ccc2)c1,,-2.719,NS(=O)(=O)c1cc(S(=O)(=O)c2cccc(O)c2)cs1
411,413.0,A-414,,LUKBXSAWLPMMSZ-OWOJBTEDSA-N,Oc1cc(O)cc(/C=C/c2ccc(O)cc2)c1,,-4.34008,Oc1ccc(C=Cc2cc(O)cc(O)c2)cc1
412,414.0,A-415,,LVHBHZANLOWSRM-UHFFFAOYSA-N,O=C(O)C(=C)CC(=O)O,,-0.224117,C=C(CC(=O)O)C(=O)O
413,415.0,A-416,,LWLJUMBEZJHXHV-UHFFFAOYSA-N,ClC1(C(=C(Cl)C(=C1Cl)Cl)Cl)C1(Cl)C(=C(Cl)C(=C1Cl)Cl)Cl,,-7.279998,ClC1=C(Cl)C(Cl)(C2(Cl)C(Cl)=C(Cl)C(Cl)=C2Cl)C(Cl)=C1Cl
416,418.0,A-419,,LYCAIKOWRPUZTN-UHFFFAOYSA-N,OCCO,,0.08,OCCO
417,419.0,A-420,,LYGJENNIWJXYER-UHFFFAOYSA-N,O=[N+]([O-])C,,0.26,C[N+](=O)[O-]
418,420.0,A-421,,MAEIEVLCKWDQJH-UHFFFAOYSA-N,S(=O)(=O)(N)c1c(Oc2ccccc2)c(NCCCC)cc(C(=O)O)c1,,-4.118,CCCCNc1cc(C(=O)O)cc(S(N)(=O)=O)c1Oc1ccccc1
419,421.0,A-422,,MAZCFXDIYXGRAD-UHFFFAOYSA-N,S(=O)(=O)(N)c1sc2S(=O)(=O)CCC(O)c2c1,,-1.65,NS(=O)(=O)c1cc2c(s1)S(=O)(=O)CCC2O
421,423.0,A-424,,MBDMKWJEKDHRRP-UHFFFAOYSA-N,Clc1nc(N(NS(=O)(=O)c2c(C(=O)OCC)cccc2)C=O)nc(OC)c1,,-4.58,CCOC(=O)c1ccccc1S(=O)(=O)NN(C=O)c1nc(Cl)cc(OC)n1
425,427.0,A-428,,MCSAJNNLRCFZED-UHFFFAOYSA-N,O=[N+]([O-])CC,,-0.22,CC[N+](=O)[O-]
426,428.0,A-429,,MCWXGJITAZMZEV-UHFFFAOYSA-N,S=P(SCC(=O)NC)(OC)OC,,-0.74,CNC(=O)CSP(=S)(OC)OC
427,429.0,A-430,,METKIMKYRPQLGS-UHFFFAOYSA-N,O=C(N)Cc1ccc(OCC(O)CNC(C)C)cc1,,0.04,CC(C)NCC(O)COc1ccc(CC(N)=O)cc1
431,433.0,A-434,,MLKXDPUZXIRXEP-RQZCQDPDSA-N,S(=O)(C)c1ccc(/C=C/2\C(=C(CC(=O)O)c3c2ccc(F)c3)C)cc1,,-2.3777,CC1=C(CC(=O)O)c2cc(F)ccc2C1=Cc1ccc(S(C)=O)cc1
434,436.0,A-437,,MORLYCDUFHDZKO-UHFFFAOYSA-N,P(=O)(O)(CCC(=O)O)c1ccccc1,,-3.078,O=C(O)CCP(=O)(O)c1ccccc1
436,438.0,A-439,,MPHPHYZQRGLTBO-UHFFFAOYSA-N,O=C1C(CCC)C(=O)n2n1c(N(C)C)nc1c2cc(C)cc1,,-3.54,CCCC1C(=O)N2C(N(C)C)=Nc3ccc(C)cc3N2C1=O
437,439.0,A-440,,MQIUGAXCHLFZKX-UHFFFAOYSA-N,O=C(OCCCCCCCC)c1c(C(=O)OCCCCCCCC)cccc1,,-5.11,CCCCCCCCOC(=O)c1ccccc1C(=O)OCCCCCCCC
439,441.0,A-442,,MSMHOCZOEWMZOH-UHFFFAOYSA-N,O=C(NC(CO)(CO)CO)COC(=O)c1ccccc1,,-1.268,O=C(COC(=O)c1ccccc1)NC(CO)(CO)CO
444,446.0,A-447,,MUKSMBAVCDPKRC-UHFFFAOYSA-N,O=C1N(C)c2c(Oc3ncc(N)cc13)cc(C)cc2,,-3.04,Cc1ccc2c(c1)Oc1ncc(N)cc1C(=O)N2C
449,451.0,A-452,,MWOOGOJBHIARFG-UHFFFAOYSA-N,O=Cc1cc(OC)c(O)cc1,,-1.15489,COc1cc(C=O)ccc1O
451,453.0,A-454,,MWWATHDPGQKSAR-UHFFFAOYSA-N,C(#C)C,,-0.41,C#CC
452,454.0,A-455,,MXBNEEHQIDLPLQ-UHFFFAOYSA-N,O=C1N2C(C(=O)Nc3c1cccc3)CCC2,,-3.745,O=C1Nc2ccccc2C(=O)N2CCCC12
455,457.0,A-458,,NAEAAGULDNVNCW-UHFFFAOYSA-N,O=C(OCC)N1CCN(C(=O)OCC)CC1,,-0.729,CCOC(=O)N1CCN(C(=O)OCC)CC1
457,459.0,A-460,,NBFMTHWVRBOVPE-UHFFFAOYSA-N,Clc1cc2Oc3c(Oc2cc1)cc(Cl)cc3,,-7.830002,Clc1ccc2c(c1)Oc1ccc(Cl)cc1O2
459,461.0,A-462,,NCYHCGGUQGDEQW-UHFFFAOYSA-N,Clc1c(Cl)c(Cl)c(OC)c(OC)c1Cl,,-5.2395,COc1c(Cl)c(Cl)c(Cl)c(Cl)c1OC
461,463.0,A-464,,NDDAHWYSQHTHNT-UHFFFAOYSA-N,Clc1c(S(=O)(=O)N)cc(C(=O)NN2C(C)Cc3c2cccc3)cc1,,-3.63977,CC1Cc2ccccc2N1NC(=O)c1ccc(Cl)c(S(N)(=O)=O)c1
466,468.0,A-469,,NHPPIJMARIVBGU-UHFFFAOYSA-N,Ic1c2c(ccc1)cccc2,,-4.55,Ic1cccc2ccccc12
468,470.0,A-471,,NHTMVDHEPJAVLT-UHFFFAOYSA-N,C(CC(C)C)(C)(C)C,,-4.74,CC(C)CC(C)(C)C
470,472.0,A-473,,NIPDVSLAMPAWTP-UHFFFAOYSA-N,O=[N+]([O-])c1cc(N)c(OC)cc1,,-3.165,COc1ccc([N+](=O)[O-])cc1N
472,474.0,A-475,,NKPDCGFEJUINIK-UHFFFAOYSA-N,S(=O)(=O)(N)c1occ(S(=O)(=O)c2ccc(O)cc2)c1,,-2.403,NS(=O)(=O)c1cc(S(=O)(=O)c2ccc(O)cc2)co1
474,476.0,A-477,,NOOBQTYVTDBXTL-UHFFFAOYSA-N,S(=O)(=O)(N)c1sc2c(n1)ccc(O)c2,,-2.503,NS(=O)(=O)c1nc2ccc(O)cc2s1
477,479.0,A-480,,NPUKDXXFDDZOKR-UHFFFAOYSA-N,O=C(OCC)c1n(C(C)c2ccccc2)cnc1,,-4.74,CCOC(=O)c1cncn1C(C)c1ccccc1
478,480.0,A-481,,NQDJXKOVJZTUJA-UHFFFAOYSA-N,O=c1[nH]c2c(C)ccnc2n(C2CC2)c2ncccc12,,-3.19,Cc1ccnc2c1NC(=O)c1cccnc1N2C1CC1
481,483.0,A-484,,NRGGMCIBEHEAIL-UHFFFAOYSA-N,C(C)c1ncccc1,,0.51,CCc1ccccn1
484,486.0,A-487,,NTBYINQTYWZXLH-UHFFFAOYSA-N,Clc1c(Cl)ccc([N+](=O)[O-])c1,,-3.2,O=[N+]([O-])c1ccc(Cl)c(Cl)c1
486,488.0,A-489,,NVKAWKQGWWIWPM-UHFFFAOYSA-N,O=C1CC2C(C)(C3C(C4C(C)(C(O)CC4)CC3)CC2)CC1,,-4.74,CC12CCC3C(CCC4CC(=O)CCC43C)C1CCC2O
487,489.0,A-490,,NXBNYUSXDBHELA-UHFFFAOYSA-N,O=C(C=Cc1ccc(OC)cc1)c1c(O)cccc1,,-5.699,COc1ccc(C=CC(=O)c2ccccc2O)cc1
489,491.0,A-492,,NXQDBZGWYSEGFL-UHFFFAOYSA-N,Clc1ccc(N(C(=O)CSP(=S)(OC)OC)C(C)C)cc1,,-4.43,COP(=S)(OC)SCC(=O)N(c1ccc(Cl)cc1)C(C)C
490,492.0,A-493,,NYHAZDHVIPVSDM-UHFFFAOYSA-N,ON=C1C(=NO)CCC(C(C)C)C1,,-2.39,CC(C)C1CCC(=NO)C(=NO)C1
492,494.0,A-495,,NZDAAPUTURAWII-UHFFFAOYSA-N,O=C(NC(=O)C)COC(=O)c1ccccc1,,-2.401,CC(=O)NC(=O)COC(=O)c1ccccc1
493,495.0,A-496,,NZNPHIKNHGRVLZ-UHFFFAOYSA-N,O=C(NC(C)(C)C)COC(=O)c1ccccc1,,-2.866,CC(C)(C)NC(=O)COC(=O)c1ccccc1
498,500.0,A-501,,OGBQILNBLMPPDP-UHFFFAOYSA-N,Clc1c(Cl)c2oc3c(c2cc1Cl)cc(Cl)c(Cl)c3,,-9.159894,Clc1cc2oc3c(Cl)c(Cl)c(Cl)cc3c2cc1Cl
499,501.0,A-502,,OGDVEMNWJVYAJL-UHFFFAOYSA-N,O(CC)c1c2OC3C(O)C=CC4C53c2c(cc1)CC4N(C)CC5,,-0.82,CCOc1ccc2c3c1OC1C(O)C=CC4C(C2)N(C)CCC341
500,502.0,A-503,,OGHNVEJMJSYVRP-UHFFFAOYSA-N,O(CCNCC(O)COc1c2c([nH]c3c2cccc3)ccc1)c1c(OC)cccc1,,-4.2557,COc1ccccc1OCCNCC(O)COc1cccc2[nH]c3ccccc3c12
501,503.0,A-504,,OGJPXUAPXNRGGI-UHFFFAOYSA-N,Fc1c(N2CCNCC2)cc2n(CC)cc(C(=O)O)c(=O)c2c1,,-2.81581,CCn1cc(C(=O)O)c(=O)c2cc(F)c(N3CCNCC3)cc21
504,506.0,A-507,,OJXOXNIZNJIMLU-UHFFFAOYSA-N,S(=O)(=O)(N)c1scc(C(=O)c2ccc(O)cc2)c1,,-2.861,NS(=O)(=O)c1cc(C(=O)c2ccc(O)cc2)cs1
505,507.0,A-508,,OKKJLVBELUTLKV-UHFFFAOYSA-N,OC,,1.57,CO
506,508.0,A-509,,OKQHSIGMOWQUIK-UHFFFAOYSA-N,O(CCO)Cn1c2nc(N)ncc2nc1,,-1.078,Nc1ncc2ncn(COCCO)c2n1
508,510.0,A-511,,ONKUXPIBXRRIDU-UHFFFAOYSA-N,O=C(OCC)CCCCCCCCC(=O)OCC,,-3.509,CCOC(=O)CCCCCCCCC(=O)OCC
509,511.0,A-512,,ONUFESLQCSAYKA-UHFFFAOYSA-N,Clc1cc(Cl)cc(N2C(=O)N(C(=O)NC(C)C)CC2=O)c1,,-4.38,CC(C)NC(=O)N1CC(=O)N(c2cc(Cl)cc(Cl)c2)C1=O
512,514.0,A-515,,OQANPHBRHBJGNZ-BKUYFWCQSA-N,S(=O)(=O)(Nc1ncccc1)c1ccc(N/N=C/2\C=C(C(=O)O)C(=O)C=C2)cc1,,-6.1367,O=C(O)C1=CC(=NNc2ccc(S(=O)(=O)Nc3ccccn3)cc2)C=CC1=O
514,516.0,A-517,,OQZCSNDVOWYALR-UHFFFAOYSA-N,ClCC1C(Cl)C(=O)N(c2cc(C(F)(F)F)ccc2)C1,,-4.05,O=C1C(Cl)C(CCl)CN1c1cccc(C(F)(F)F)c1
519,521.0,A-522,,OTQFXRBLGNEOGH-UHFFFAOYSA-N,Clc1c2Oc3c(c(Cl)cc(Cl)c3)Oc2cc(Cl)c1,,-9.0,Clc1cc(Cl)c2c(c1)Oc1c(Cl)cc(Cl)cc1O2
520,522.0,A-523,,OTVAEFIXJLOWRX-UHFFFAOYSA-N,ClC(Cl)C(=O)NC(C(O)c1ccc(S(=O)(=O)C)cc1)CO,,-2.15,CS(=O)(=O)c1ccc(C(O)C(CO)NC(=O)C(Cl)Cl)cc1
524,526.0,A-527,,OXNIZHLAWKMVMX-UHFFFAOYSA-N,O=[N+]([O-])c1c(O)c([N+](=O)[O-])cc([N+](=O)[O-])c1,,-2.83,O=[N+]([O-])c1cc([N+](=O)[O-])c(O)c([N+](=O)[O-])c1
526,528.0,A-529,,OZWKMVRBQXNZKK-UHFFFAOYSA-N,O=C(c1n2c(C(C(=O)O)CC2)cc1)c1ccccc1,,-3.259,O=C(c1ccccc1)c1ccc2n1CCC2C(=O)O
529,531.0,A-532,,PBAYDYUZOSNJGU-UHFFFAOYSA-N,O=C(O)c1oc(C(=O)O)cc(=O)c1,,-1.099,O=C(O)c1cc(=O)cc(C(=O)O)o1
535,537.0,A-538,,PEQHIRFAKIASBK-UHFFFAOYSA-N,C(c1ccccc1)(c1ccccc1)(c1ccccc1)c1ccccc1,,-7.8,c1ccc(C(c2ccccc2)(c2ccccc2)c2ccccc2)cc1
536,538.0,A-539,,PFIADAMVCJPXSF-UHFFFAOYSA-N,Clc1c(OC)cc(Cl)c(OC)c1,,-4.41,COc1cc(Cl)c(OC)cc1Cl
539,541.0,A-542,,PJANXHGTPQOBST-VAWYXSNFSA-N,C(=C\c1ccccc1)/c1ccccc1,,-5.790116,C(=Cc1ccccc1)c1ccccc1
540,542.0,A-543,,PJGSXYOJTGTZAV-UHFFFAOYSA-N,O=C(C(C)(C)C)C,,-0.72,CC(=O)C(C)(C)C
546,548.0,A-549,,POZRVZJJTULAOH-UHFFFAOYSA-N,OC1(C#C)C2(C)C(C3C(C4(C)C(=Cc5oncc5C4)CC3)CC2)CC1,,-5.508497,C#CC1(O)CCC2C3CCC4=Cc5oncc5CC4(C)C3CCC21C
548,550.0,A-551,,PQSUYGKTWSAVDQ-ZVIOFETBSA-N,O=C(CO)[C@@H]1[C@]2(C=O)[C@H]([C@H]3[C@H]([C@@H](O)C2)[C@]2(C)C(=CC(=O)CC2)CC3)CC1,,-3.85,CC12CCC(=O)C=C1CCC1C2C(O)CC2(C=O)C(C(=O)CO)CCC12
549,551.0,A-552,,PRLMFHYBTOQSLN-UHFFFAOYSA-N,S(C)c1nc(N(C)C)nc(N(C)C)n1,,-2.68,CSc1nc(N(C)C)nc(N(C)C)n1
550,552.0,A-553,,PTFJIKYUEPWBMS-UHFFFAOYSA-N,FC(F)(F)c1cc([N+](=O)[O-])c(N(CC(=C)C)CC)c([N+](=O)[O-])c1,,-6.12,C=C(C)CN(CC)c1c([N+](=O)[O-])cc(C(F)(F)F)cc1[N+](=O)[O-]
554,556.0,A-557,,PUXBGTOOZJQSKH-UHFFFAOYSA-N,Clc1cc2c([nH]c3c2ccc(C(C(=O)O)C)c3)cc1,,-4.6983,CC(C(=O)O)c1ccc2c(c1)[nH]c1ccc(Cl)cc12
556,558.0,A-559,,PWNAWOCHVWERAR-UHFFFAOYSA-N,Clc1c(CN(CC)c2c([N+](=O)[O-])cc(C(F)(F)F)cc2[N+](=O)[O-])c(F)ccc1,,-6.779999,CCN(Cc1c(F)cccc1Cl)c1c([N+](=O)[O-])cc(C(F)(F)F)cc1[N+](=O)[O-]
557,559.0,A-560,,PXWLVJLKJGVOKE-UHFFFAOYSA-N,O=c1n(n(C)c(C)c1C(C)C)c1ccccc1,,-1.908,Cc1c(C(C)C)c(=O)n(-c2ccccc2)n1C
558,560.0,A-561,,PXWUKZGIHQRDHL-UHFFFAOYSA-N,O(C)c1nc(NC(C)C)nc(NCC)n1,,-2.08,CCNc1nc(NC(C)C)nc(OC)n1
559,561.0,A-562,,PYGXAGIECVVIOZ-UHFFFAOYSA-N,O=C(OCCCC)CCCCCCCCC(=O)OCCCC,,-3.72126,CCCCOC(=O)CCCCCCCCC(=O)OCCCC
560,562.0,A-563,,QANMHLXAZMSUEX-UHFFFAOYSA-N,N(Cc1occc1)c1ncnc2[nH]cnc12,,-3.946,c1coc(CNc2ncnc3[nH]cnc23)c1
562,564.0,A-565,,QBSJMKIUCUGGNG-UHFFFAOYSA-N,O=C(Oc1c(C(C)C)cccc1)NC,,-2.86,CNC(=O)Oc1ccccc1C(C)C
565,567.0,A-568,,QCKHVNQHBOGZER-UHFFFAOYSA-N,Brc1c(Br)cc(Br)c(Br)c1,,-6.98,Brc1cc(Br)c(Br)cc1Br
566,568.0,A-569,,QCRFMSUKWRQZEM-UHFFFAOYSA-N,OC1CCCCCC1,,-0.88,OC1CCCCCC1
567,569.0,A-570,,QFMDFTQOJHFVNR-UHFFFAOYSA-N,ClC(Cl)C(c1ccc(CC)cc1)c1ccc(CC)cc1,,-7.04,CCc1ccc(C(c2ccc(CC)cc2)C(Cl)Cl)cc1
569,571.0,A-572,,QHTQREMOGMZHJV-UHFFFAOYSA-N,Clc1ccc(CSC(=O)N(CC)CC)cc1,,-3.934,CCN(CC)C(=O)SCc1ccc(Cl)cc1
570,572.0,A-573,,QHXDTLYEHWXDSO-UHFFFAOYSA-N,Clc1nc(N(CC)CC)nc(N(CC)CC)n1,,-4.41,CCN(CC)c1nc(Cl)nc(N(CC)CC)n1
571,573.0,A-574,,QIBWCUCLHZVYNL-UHFFFAOYSA-N,O=c1n(C)c2c(n(CC)c3ncccc13)cccc2,,-3.32,CCN1c2ccccc2N(C)C(=O)c2cccnc21
575,577.0,A-578,,QNAYBMKLOCPYGJ-UHFFFAOYSA-N,O=C(O)C(N)C,,0.271842,CC(N)C(=O)O
578,580.0,A-581,,QQBKLRXLVRDKEB-UHFFFAOYSA-N,O=C1N(CO)C(=O)NC1(c1ccccc1)c1ccccc1,,-4.469,O=C1NC(c2ccccc2)(c2ccccc2)C(=O)N1CO
579,581.0,A-582,,QQODLKZGRKWIFG-UHFFFAOYSA-N,ClC(=CC1C(C)(C)C1C(=O)OC(C#N)c1cc(Oc2ccccc2)c(F)cc1)Cl,,-7.339998,CC1(C)C(C=C(Cl)Cl)C1C(=O)OC(C#N)c1ccc(F)c(Oc2ccccc2)c1
581,583.0,A-584,,QSNYNWOQOIJCFV-UHFFFAOYSA-N,Fc1c(N2CC(NC)C2)c(F)cc2c(=O)c(C(=O)O)cn(C3CC3)c12,,-5.312,CNC1CN(c2c(F)cc3c(=O)c(C(=O)O)cn(C4CC4)c3c2F)C1
583,585.0,A-586,,QTSBFJRVBUIZJC-UHFFFAOYSA-N,Ic1cc(Nc2ncnc3c2cc2OC(COC)COc2c3)ccc1,,-3.523,COCC1COc2cc3ncnc(Nc4cccc(I)c4)c3cc2O1
584,586.0,A-587,,QUBSMEXIPLOOMC-UHFFFAOYSA-N,S(=O)(=O)(N)c1sc2SCCC(O)c2c1,,-2.594,NS(=O)(=O)c1cc2c(s1)SCCC2O
585,587.0,A-588,,QUEKGYQTRJVEQC-UHFFFAOYSA-N,Clc1c(C(=O)O)cc([N+](=O)[O-])cc1,,-1.74811,O=C(O)c1cc([N+](=O)[O-])ccc1Cl
586,588.0,A-589,,QUIKDFWIKDMXIO-UHFFFAOYSA-N,O=C(COC(=O)c1ccccc1)N1C(C(=O)N)CCC1,,-1.045,NC(=O)C1CCCN1C(=O)COC(=O)c1ccccc1
587,589.0,A-590,,QUWAJPZDCZDTJS-UHFFFAOYSA-N,S(=O)(=O)(c1c(O)cccc1)c1c(O)cccc1,,-3.319,O=S(=O)(c1ccccc1O)c1ccccc1O
588,590.0,A-591,,QVHJQCGUWFKTSE-YFKPBYRVSA-N,O=C(OC(C)(C)C)N[C@H](C(=O)O)C,,-0.74473,CC(NC(=O)OC(C)(C)C)C(=O)O
593,595.0,A-596,,QXBUYALKJGBACG-UHFFFAOYSA-N,CN1c2c(Sc3c1cccc3)cccc2,,-5.593,CN1c2ccccc2Sc2ccccc21
594,596.0,A-597,,QXJKBPAVAHBARF-UHFFFAOYSA-N,Clc1cc(Cl)cc(N2C(=O)C3(C)C(C)(C2=O)C3)c1,,-4.8,CC12CC1(C)C(=O)N(c1cc(Cl)cc(Cl)c1)C2=O
596,598.0,A-599,,QYPNKSZPJQQLRK-UHFFFAOYSA-N,O=C(N(NC(=O)c1ccc(CC)cc1)C(C)(C)C)c1cc(C)cc(C)c1,,-5.628,CCc1ccc(C(=O)NN(C(=O)c2cc(C)cc(C)c2)C(C)(C)C)cc1
597,599.0,A-600,,RDJGWRFTDZZXSM-UHFFFAOYSA-N,O(Cc1ccccc1)c1c2OC3C(O)C=CC4C53c2c(cc1)CC4N(C)CC5,,-2.222,CN1CCC23c4c5ccc(OCc6ccccc6)c4OC2C(O)C=CC3C1C5
598,600.0,A-601,,RDLPVSKMFDYCOR-UEKVPHQBSA-N,O=C(N[C@@H]1C(=O)N2C(=C(C)CS[C@H]12)C(=O)O)[C@H](N)C1=CCC=CC1,,-1.232,CC1=C(C(=O)O)N2C(=O)C(NC(=O)C(N)C3=CCC=CC3)C2SC1
600,602.0,A-603,,REIUXOLGHVXAEO-UHFFFAOYSA-N,OCCCCCCCCCCCCCCC,,-6.349999,CCCCCCCCCCCCCCCO
601,603.0,A-604,,REKQLYUAUXYJSZ-UHFFFAOYSA-N,O=C(NN)c1ccc(OC)cc1,,-1.151,COc1ccc(C(=O)NN)cc1
603,605.0,A-606,,RFMMMVDNIPUKGG-UHFFFAOYSA-N,O=C(O)C(NC(=O)C)CCC(=O)O,,-0.711,CC(=O)NC(CCC(=O)O)C(=O)O
606,608.0,A-609,,RHIROFAGUQOFLU-UHFFFAOYSA-N,Clc1c(Cl)c(Cl)c2c(c1Cl)oc1c(Cl)c(Cl)c(Cl)c(Cl)c21,,-11.522879,Clc1c(Cl)c(Cl)c2c(oc3c(Cl)c(Cl)c(Cl)c(Cl)c32)c1Cl
610,612.0,A-613,,RJMIEHBSYVWVIN-UHFFFAOYSA-N,O=C(O)C(C)c1ccc(N2C(=O)c3c(cccc3)C2)cc1,,-4.308,CC(C(=O)O)c1ccc(N2Cc3ccccc3C2=O)cc1
620,622.0,A-623,,RLPGDEORIPLBNF-UHFFFAOYSA-N,C(C(C)C)(C(C)C)C,,-4.8,CC(C)C(C)C(C)C
622,624.0,A-625,,RMBFBMJGBANMMK-UHFFFAOYSA-N,O=[N+]([O-])c1c(C)ccc([N+](=O)[O-])c1,,-2.82,Cc1ccc([N+](=O)[O-])cc1[N+](=O)[O-]
623,625.0,A-626,,RMOUBSOVHSONPZ-UHFFFAOYSA-N,O=COC(C)C,,-0.63,CC(C)OC=O
624,626.0,A-627,,RNFNDJAIBTYOQL-UHFFFAOYSA-N,ClC(Cl)(Cl)C(O)O,,0.72,OC(O)C(Cl)(Cl)Cl
626,628.0,A-629,,RNWGZXAHUPFXLL-UHFFFAOYSA-N,O=[N+]([O-])c1cc2C(=O)OCc2cc1,,-2.651,O=C1OCc2ccc([N+](=O)[O-])cc21
631,633.0,A-634,,RSDMFNVRFBIYRK-UHFFFAOYSA-N,O=C(COC(=O)c1ccccc1)N1CCC1,,-1.609,O=C(OCC(=O)N1CCC1)c1ccccc1
632,634.0,A-635,,RTHCYVBBDHJXIQ-UHFFFAOYSA-N,FC(F)(F)c1ccc(OC(CCNC)c2ccccc2)cc1,,-1.59,CNCCC(Oc1ccc(C(F)(F)F)cc1)c1ccccc1
635,637.0,A-638,,RVCTZJVBWNFYRU-UHFFFAOYSA-N,Brc1c([N+](=O)[O-])cc(C(=O)O)cc1,,-2.966,O=C(O)c1ccc(Br)c([N+](=O)[O-])c1
639,641.0,A-642,,RXKNNAKAVAHBNK-UHFFFAOYSA-N,O=[N+]([O-])c1cc[n+]([O-])cc1,,-0.68825,O=[N+]([O-])c1cc[n+]([O-])cc1
640,642.0,A-643,,RXQCEGOUSFBKPI-UHFFFAOYSA-N,O=[N+]([O-])c1cc(N)c(OCCC)cc1,,-3.159,CCCOc1ccc([N+](=O)[O-])cc1N
641,643.0,A-644,,RZFZBHKDGHISSH-UHFFFAOYSA-N,Clc1c(c(Cl)cc(Cl)c1)c1ccc(Cl)cc1,,-6.940002,Clc1ccc(-c2c(Cl)cc(Cl)cc2Cl)cc1
643,645.0,A-646,,RZTAMFZIAATZDJ-UHFFFAOYSA-N,Clc1c(Cl)cccc1C1C(=C(C)NC(=C1C(=O)OC)C)C(=O)OCC,,-5.682,CCOC(=O)C1=C(C)NC(C)=C(C(=O)OC)C1c1cccc(Cl)c1Cl
645,647.0,A-648,,SAOKZLXYCUGLFA-UHFFFAOYSA-N,O=C(OCC(CCCC)CC)CCCCC(=O)OCC(CCCC)CC,,-5.064,CCCCC(CC)COC(=O)CCCCC(=O)OCC(CC)CCCC
648,650.0,A-651,,SBZXBUIDTXKZTM-UHFFFAOYSA-N,O(CCOC)CCOC,,0.88,COCCOCCOC
651,653.0,A-654,,SDOJHDGZFOGOFD-UHFFFAOYSA-N,Cc1c(C)c2c(c3c1c1c(cc3)cccc1)cccc2,,-7.009999,Cc1c(C)c2c3ccccc3ccc2c2ccccc12
654,656.0,A-657,,SGMHGVVTMOGJMX-UHFFFAOYSA-N,SCC(=O)Nc1cc2c(cc1)cccc2,,-3.337,O=C(CS)Nc1ccc2ccccc2c1
655,657.0,A-658,,SGUAFYQXFOLMHL-UHFFFAOYSA-N,O=C(N)c1c(O)ccc(C(O)CNC(CCc2ccccc2)C)c1,,-1.3,CC(CCc1ccccc1)NCC(O)c1ccc(O)c(C(N)=O)c1
656,658.0,A-659,,SJNIEBAPMPLYAB-UHFFFAOYSA-N,Clc1c(=O)oc2c(c1C)cc(OP(=S)(OCC)OCC)cc2,,-5.38,CCOP(=S)(OCC)Oc1ccc2oc(=O)c(Cl)c(C)c2c1
658,660.0,A-661,,SKGXYFVQZVPEFP-UHFFFAOYSA-N,Clc1c(Cl)c2Oc3c(Oc2cc1Cl)cc(Cl)cc3,,-8.890084,Clc1ccc2c(c1)Oc1cc(Cl)c(Cl)c(Cl)c1O2
661,663.0,A-664,,SLAMLWHELXOEJZ-UHFFFAOYSA-N,O=[N+]([O-])c1c(C(=O)O)cccc1,,-1.474,O=C(O)c1ccccc1[N+](=O)[O-]
663,665.0,A-666,,SLXKOJJOQWFEFD-UHFFFAOYSA-N,O=C(O)CCCCCN,,-0.97469,NCCCCCC(=O)O
669,673.0,A-674,,SNWQKAWITMVCQW-UHFFFAOYSA-N,S(=O)(=O)(NC(=O)C)c1ccc(NC(=O)c2c(C(=O)O)cccc2)cc1,,-2.517,CC(=O)NS(=O)(=O)c1ccc(NC(=O)c2ccccc2C(=O)O)cc1
670,674.0,A-675,,SONNWYBIRXJNDC-VIFPVBQESA-N,O[C@@H](CNC)c1cc(O)ccc1,,0.58,CNCC(O)c1cccc(O)c1
672,676.0,A-677,,SPFYMRJSYKOXGV-UHFFFAOYSA-N,Fc1c(N2CCN(CC)CC2)cc2n(C3CC3)cc(C(=O)O)c(=O)c2c1,,-3.1811,CCN1CCN(c2cc3c(cc2F)c(=O)c(C(=O)O)cn3C2CC2)CC1
673,677.0,A-678,,SPSSULHKWOKEEL-UHFFFAOYSA-N,O=[N+]([O-])c1c(C)c([N+](=O)[O-])cc([N+](=O)[O-])c1,,-3.22,Cc1c([N+](=O)[O-])cc([N+](=O)[O-])cc1[N+](=O)[O-]
674,678.0,A-679,,SSLKKMZJCJBOML-UHFFFAOYSA-N,Clc1nnc(SCC(=O)N(CC)CC)cc1,,-1.72,CCN(CC)C(=O)CSc1ccc(Cl)nn1
675,679.0,A-680,,STCOOQWBFONSKY-UHFFFAOYSA-N,P(=O)(OCCCC)(OCCCC)OCCCC,,-2.846,CCCCOP(=O)(OCCCC)OCCCC
676,680.0,A-681,,SUSRORUBZHMPCO-UHFFFAOYSA-N,Clc1c(Oc2cc(C(=O)OC)c([N+](=O)[O-])cc2)ccc(Cl)c1,,-6.0,COC(=O)c1cc(Oc2ccc(Cl)cc2Cl)ccc1[N+](=O)[O-]
677,681.0,A-682,,SVFKQHLOBRUZGV-UHFFFAOYSA-N,O=c1n(C)c2c(n(CC)c3ncccc13)nccc2,,-2.62,CCN1c2ncccc2C(=O)N(C)c2cccnc21
678,682.0,A-683,,SYBYTAAJFKOIEJ-UHFFFAOYSA-N,O=C(C(C)C)C,,-0.12,CC(=O)C(C)C
684,688.0,A-689,,TYHHDWAHJRRYCU-UHFFFAOYSA-N,O=[N+]([O-])c1c(OCC(=O)O)cccc1,,-2.014,O=C(O)COc1ccccc1[N+](=O)[O-]
686,690.0,A-691,,TZFWDZFKRBELIQ-UHFFFAOYSA-N,Clc1cc2[nH]c(=O)oc2cc1,,-2.77605,O=c1[nH]c2cc(Cl)ccc2o1
689,693.0,A-694,,UAYYWDWWESZIPA-UHFFFAOYSA-N,Fc1c(N2CC(N)(C)C2)cc2n(C3CC3)cc(C(=O)O)c(=O)c2c1,,-5.616,CC1(N)CN(c2cc3c(cc2F)c(=O)c(C(=O)O)cn3C2CC2)C1
691,695.0,A-696,,UCIUVGVKELKZSD-UHFFFAOYSA-N,O=C(N(CCO)CCO)COC(=O)c1ccccc1,,0.43,O=C(OCC(=O)N(CCO)CCO)c1ccccc1
692,696.0,A-697,,UCMIRNVEIXFBKS-UHFFFAOYSA-N,O=C(O)CCN,,0.999479,NCCC(=O)O
694,698.0,A-699,,UCTWMZQNUQWSLP-UHFFFAOYSA-N,OC(CNC)c1cc(O)c(O)cc1,,-0.962,CNCC(O)c1ccc(O)c(O)c1
695,699.0,A-700,,UDUNORRTIFRHKX-UHFFFAOYSA-N,ClC1=C(NC2C=C(CC(=O)OCC(=O)NC(C(=O)OC)C(C)C)C=CC=C2)C(Cl)C=CC=C1,,-1.59908,COC(=O)C(NC(=O)COC(=O)CC1=CC(NC2=C(Cl)C=CC=CC2Cl)C=CC=C1)C(C)C
696,700.0,A-701,,UEJJHQNACJXSKW-UHFFFAOYSA-N,O=C1C(N2C(=O)c3c(C2=O)cccc3)CCC(=O)N1,,-2.68,O=C1CCC(N2C(=O)c3ccccc3C2=O)C(=O)N1
698,702.0,A-703,,UFQCLRMJHOWNLX-UHFFFAOYSA-N,Brc1cc(Nc2ncnc3c2cc2OC(COC)COc2c3)ccc1,,-3.222,COCC1COc2cc3ncnc(Nc4cccc(Br)c4)c3cc2O1
699,703.0,A-704,,UGQVTTBSGZLNIL-UHFFFAOYSA-N,S(=O)(=O)(N)c1sc2C(O)CCSc2c1,,-2.254,NS(=O)(=O)c1cc2c(s1)C(O)CCS2
700,704.0,A-705,,UJOBWOGCFQCDNV-UHFFFAOYSA-N,[nH]1c2c(c3c1cccc3)cccc2,,-4.97,c1ccc2c(c1)[nH]c1ccccc12
701,705.0,A-706,,ULBXWWGWDPVHAO-UHFFFAOYSA-N,Clc1cc(NC(=O)OC(C#C)C)ccc1,,-2.62,C#CC(C)OC(=O)Nc1cccc(Cl)c1
707,711.0,A-712,,UOAMTSKGCBMZTC-UHFFFAOYSA-N,ClC(Cl)(Cl)C(O)(c1ccc(Cl)cc1)c1ccc(Cl)cc1,,-5.67,OC(c1ccc(Cl)cc1)(c1ccc(Cl)cc1)C(Cl)(Cl)Cl
709,713.0,A-714,,UPTOWXNJLZJTGD-UHFFFAOYSA-N,O=[N+]([O-])c1c(OC)ccc(OC)c1,,-3.117,COc1ccc(OC)c([N+](=O)[O-])c1
711,715.0,A-716,,UQIKOYWGLUXMNE-UHFFFAOYSA-N,O=C(COC(=O)c1ccccc1)N1C(C(=O)OC)CCC1,,-2.084,COC(=O)C1CCCN1C(=O)COC(=O)c1ccccc1
714,718.0,A-719,,UVKZSORBKUEBAZ-UHFFFAOYSA-N,C(N1CCN(C)CC1)(c1ccccc1)c1ccccc1,,-1.527,CN1CCN(C(c2ccccc2)c2ccccc2)CC1
715,719.0,A-720,,UVTNFZQICZKOEM-UHFFFAOYSA-N,O=C(N)C(CCN(C(C)C)C(C)C)(c1ncccc1)c1ccccc1,,-1.75,CC(C)N(CCC(C(N)=O)(c1ccccc1)c1ccccn1)C(C)C
718,722.0,A-723,,VDAMAZDKFJYVCT-UHFFFAOYSA-N,S(=O)(=O)(N)c1scc(S(=O)(=O)c2ccc(OC)cc2)c1,,-4.222,COc1ccc(S(=O)(=O)c2csc(S(N)(=O)=O)c2)cc1
720,724.0,A-725,,VGGSQFUCUMXWEO-UHFFFAOYSA-N,C=C,,-0.4,C=C
725,729.0,A-730,,VHZXNQKVFDBFIK-NBBHSKLNSA-N,F[C@H]1C(=O)[C@]2(C)[C@H]([C@H]3[C@@H]([C@]4(C)C(=CC3)CCCC4)CC2)C1,,-6.79588,CC12CCC3C(CC=C4CCCCC43C)C1CC(F)C2=O
727,731.0,A-732,,VKNITLPENCJQOP-UHFFFAOYSA-N,Clc1c(Cl)c(Cl)cc(OC)c1OC,,-4.37,COc1cc(Cl)c(Cl)c(Cl)c1OC
732,736.0,A-737,,VOKSWYLNZZRQPF-GDIGMMSISA-N,Oc1cc2[C@@]3(C)[C@@H](C)[C@H](N(CC=C(C)C)CC3)Cc2cc1,,-3.8032,CC(C)=CCN1CCC2(C)c3cc(O)ccc3CC1C2C
735,739.0,A-740,,VREFGVBLTWBCJP-UHFFFAOYSA-N,Clc1cc2C(=NCc3n(c(C)nn3)c2cc1)c1ccccc1,,-3.433,Cc1nnc2n1-c1ccc(Cl)cc1C(c1ccccc1)=NC2
740,744.0,A-745,,VVSSGCCPNDSLPL-UHFFFAOYSA-N,S(=O)(=O)(N)c1sc2S(=O)(=O)CCCc2c1,,-2.679,NS(=O)(=O)c1cc2c(s1)S(=O)(=O)CCC2
741,745.0,A-746,,VWPOSFSPZNDTMJ-UCWKZMIHSA-N,O(CC(O)CNC(C)(C)C)c1c2c(ccc1)C[C@@H](O)[C@@H](O)C2,,-1.008,CC(C)(C)NCC(O)COc1cccc2c1CC(O)C(O)C2
742,746.0,A-747,,VXGYRCVTBHVXMZ-UHFFFAOYSA-N,O=C(O)c1cc2c(nccc2)cc1,,-0.043,O=C(O)c1ccc2ncccc2c1
744,748.0,A-749,,VXLVYFXPZGPXCT-UHFFFAOYSA-N,S(=O)(=O)(N)c1occ(S(=O)(=O)c2ccc(OC)cc2)c1,,-3.024,COc1ccc(S(=O)(=O)c2coc(S(N)(=O)=O)c2)cc1
745,749.0,A-750,,VYWYYJYRVSBHJQ-UHFFFAOYSA-N,O=[N+]([O-])c1cc([N+](=O)[O-])cc(C(=O)O)c1,,-2.417,O=C(O)c1cc([N+](=O)[O-])cc([N+](=O)[O-])c1
747,751.0,A-752,,WCLNVRQZUKYVAI-UHFFFAOYSA-N,Clc1c(Cl)c(Cl)c2Oc3c(c(Cl)c(Cl)c(Cl)c3)Oc2c1Cl,,-11.221848,Clc1cc2c(c(Cl)c1Cl)Oc1c(Cl)c(Cl)c(Cl)c(Cl)c1O2
748,752.0,A-753,,WCYYQNSQJHPVMG-UHFFFAOYSA-N,Clc1c(Cl)c(Cl)c2Oc3c(Oc2c1Cl)cc(Cl)c(Cl)c3,,-9.950782,Clc1cc2c(cc1Cl)Oc1c(Cl)c(Cl)c(Cl)c(Cl)c1O2
749,753.0,A-754,,WDCYWAQPCXBPJA-UHFFFAOYSA-N,O=[N+]([O-])c1cc([N+](=O)[O-])ccc1,,-2.29,O=[N+]([O-])c1cccc([N+](=O)[O-])c1
751,755.0,A-756,,WDQPAMHFFCXSNU-BGABXYSRSA-N,Clc1ccc(Nc2/c(=N/C(C)C)/cc3n(c4ccc(Cl)cc4)c4c(nc3c2)cccc4)cc1,,-6.244,CC(C)N=c1cc2n(-c3ccc(Cl)cc3)c3ccccc3nc-2cc1Nc1ccc(Cl)cc1
754,758.0,A-759,,WEVYAHXRMPXWCK-UHFFFAOYSA-N,N#CC,,0.26,CC#N
764,768.0,A-769,,WJUSVIUZCYELMK-UHFFFAOYSA-N,O=C(COC(=O)c1ccccc1)N1C(C)CCCC1C,,-0.824,CC1CCCC(C)N1C(=O)COC(=O)c1ccccc1
766,770.0,A-771,,WKLCYOHFTPREOW-UHFFFAOYSA-N,S(=O)(=O)(N)c1sc2SCCC(=O)c2c1,,-3.552,NS(=O)(=O)c1cc2c(s1)SCCC2=O
767,771.0,A-772,,WLJVNTCWHIRURA-UHFFFAOYSA-N,O=C(O)CCCCCC(=O)O,,-0.25192,O=C(O)CCCCCC(=O)O
769,773.0,A-774,,WMWJCKBJUQDYLM-UHFFFAOYSA-N,Clc1cc2Oc3c(Oc2cc1)ccc(Cl)c3,,-7.180002,Clc1ccc2c(c1)Oc1cc(Cl)ccc1O2
771,775.0,A-776,,WQOXQRCZOLPYPM-UHFFFAOYSA-N,S(SC)C,,-1.44,CSSC
773,777.0,A-778,,WREGKURFCTUGRC-UHFFFAOYSA-N,O=c1n(C2OC(CO)CC2)ccc(N)n1,,-0.433,Nc1ccn(C2CCC(CO)O2)c(=O)n1
774,778.0,A-779,,WRKNTBMMMVTKKA-UHFFFAOYSA-N,O=C(N(CCO)C)COC(=O)c1ccccc1,,-1.09,CN(CCO)C(=O)COC(=O)c1ccccc1
776,780.0,A-781,,WRNGAZFESPEMCN-UHFFFAOYSA-N,Clc1c(Cl)c(Cl)c2Oc3c(Oc2c1Cl)cc(Cl)cc3,,-9.480172,Clc1ccc2c(c1)Oc1c(Cl)c(Cl)c(Cl)c(Cl)c1O2
781,785.0,A-786,,WWJZWCUNLNYYAU-UHFFFAOYSA-N,S=P(OC)(OC)Oc1ccc(Sc2ccc(OP(=S)(OC)OC)cc2)cc1,,-6.24,COP(=S)(OC)Oc1ccc(Sc2ccc(OP(=S)(OC)OC)cc2)cc1
782,786.0,A-787,,WXMYDHQMJVPNTD-UHFFFAOYSA-N,Fc1c(N2CC(N)(C)C2)c(F)c2n(C3CC3)cc(C(=O)O)c(=O)c2c1N,,-4.376,CC1(N)CN(c2c(F)c(N)c3c(=O)c(C(=O)O)cn(C4CC4)c3c2F)C1
783,787.0,A-788,,WXTMDXOMEHJXQO-UHFFFAOYSA-N,O=C(O)c1c(O)ccc(O)c1,,-0.10902,O=C(O)c1cc(O)ccc1O
784,788.0,A-789,,WXZMFSXDPGVJKK-UHFFFAOYSA-N,OCC(CO)(CO)CO,,-0.44,OCC(CO)(CO)CO
786,790.0,A-791,,WYEHFWKAOXOVJD-UHFFFAOYSA-N,FC(F)(F)c1cc(Oc2c(C(=O)Nc3c(F)cc(F)cc3)cccn2)ccc1,,-6.897001,O=C(Nc1ccc(F)cc1F)c1cccnc1Oc1cccc(C(F)(F)F)c1
788,792.0,A-793,,WYMSBXTXOHUIGT-UHFFFAOYSA-N,P(=O)(OCC)(OCC)Oc1ccc([N+](=O)[O-])cc1,,-2.059,CCOP(=O)(OCC)Oc1ccc([N+](=O)[O-])cc1
789,793.0,A-794,,WZJZMXBKUWKXTQ-UHFFFAOYSA-N,O=C(OCC)Nc1cc(OC(=O)Nc2ccccc2)ccc1,,-4.63,CCOC(=O)Nc1cccc(OC(=O)Nc2ccccc2)c1
790,794.0,A-795,,WZWYJBNHTWCXIM-JLHYYAGUSA-N,O=S1(=O)N(C)/C(=C(/O)\Nc2ncccc2)/C(=O)c2sccc12,,-3.78351,CN1C(=C(O)Nc2ccccn2)C(=O)c2sccc2S1(=O)=O
793,797.0,A-798,,XDLPWPNVUPKKSN-UHFFFAOYSA-N,Fc1c(N2CC(NC)C2)cc2n(C3CC3)cc(C(=O)O)c(=O)c2c1,,-5.405,CNC1CN(c2cc3c(cc2F)c(=O)c(C(=O)O)cn3C2CC2)C1
796,800.0,A-801,,XEROSHXMTSNDBW-UHFFFAOYSA-N,S(=O)(=O)(N)c1sc2C(O)CCS(=O)c2c1,,-1.57,NS(=O)(=O)c1cc2c(s1)C(O)CCS2=O
797,801.0,A-802,,XFOHWECQTFIEIX-UHFFFAOYSA-N,O=[N+]([O-])c1cc2c(c3c(cccc3)C2)cc1,,-4.723,O=[N+]([O-])c1ccc2c(c1)Cc1ccccc1-2
799,803.0,A-804,,XIGAUIHYSDTJHW-UHFFFAOYSA-N,O=C(N(C)c1ccccc1)COc1sc2c(n1)cccc2,,-4.87,CN(C(=O)COc1nc2ccccc2s1)c1ccccc1
801,805.0,A-806,,XIURVHNZVLADCM-IUODEOHRSA-N,O=C(N[C@@H]1C(=O)N2C(=C(COC(=O)C)CS[C@H]12)C(=O)O)Cc1sccc1,,-2.938,CC(=O)OCC1=C(C(=O)O)N2C(=O)C(NC(=O)Cc3cccs3)C2SC1
803,807.0,A-808,,XJGVXQDUIWGIRW-UHFFFAOYSA-N,Clc1cc2C(=Nc3c(Oc2cc1)cccc3)N1CCN(C)CC1,,-4.419,CN1CCN(C2=Nc3ccccc3Oc3ccc(Cl)cc32)CC1
806,810.0,A-811,,XKFPYPQQHFEXRZ-UHFFFAOYSA-N,O=C(NNCc1ccccc1)c1noc(C)c1,,-2.46,Cc1cc(C(=O)NNCc2ccccc2)no1
811,815.0,A-816,,XQUXKZZNEFRCAW-UHFFFAOYSA-N,O=C(OC(C#N)c1cc(Oc2ccccc2)ccc1)C1C(C)(C)C1(C)C,,-6.03,CC1(C)C(C(=O)OC(C#N)c2cccc(Oc3ccccc3)c2)C1(C)C
812,816.0,A-817,,XQXPVVBIMDBYFF-UHFFFAOYSA-N,O=C(O)Cc1ccc(O)cc1,,-0.94422,O=C(O)Cc1ccc(O)cc1
814,818.0,A-819,,XRECTZIEBJDKEO-UHFFFAOYSA-N,Fc1c(N)[nH]c(=O)nc1,,-1.05193,Nc1[nH]c(=O)ncc1F
815,819.0,A-820,,XRHGWAGWAHHFLF-UHFFFAOYSA-N,Clc1n(C(C)C)nc(OP(=S)(OCC)OCC)n1,,-3.66,CCOP(=S)(OCC)Oc1nc(Cl)n(C(C)C)n1
817,821.0,A-822,,XSKQKDTZQNFCCB-UHFFFAOYSA-N,O=[N+]([O-])c1c(CO)cc2OCOc2c1,,-3.064,O=[N+]([O-])c1cc2c(cc1CO)OCO2
819,823.0,A-824,,XTRDKALNCIHHNI-UHFFFAOYSA-N,O=[N+]([O-])c1c(C)c([N+](=O)[O-])ccc1,,-3.0,Cc1c([N+](=O)[O-])cccc1[N+](=O)[O-]
820,824.0,A-825,,XUCIJNAGGSZNQT-UHFFFAOYSA-N,O(C(C#N)c1ccccc1)C1C(O)C(O)C(O)C(COC2C(O)C(O)C(O)C(CO)O2)O1,,-0.77,N#CC(OC1OC(COC2OC(CO)C(O)C(O)C2O)C(O)C(O)C1O)c1ccccc1
821,825.0,A-826,,XUFQPHANEAPEMJ-UHFFFAOYSA-N,S(=O)(=O)(N=C(N)CCSCc1nc(N=C(N)N)sc1)N,,-2.6468,NC(N)=Nc1nc(CSCCC(N)=NS(N)(=O)=O)cs1
822,826.0,A-827,,XUYPXLNMDZIRQH-UHFFFAOYSA-N,S(CCC(NC(=O)C)C(=O)O)C,,0.032,CSCCC(NC(C)=O)C(=O)O
824,828.0,A-829,,XYGUXAGVJDBSBP-UHFFFAOYSA-N,O=C(NCC(=O)N)COC(=O)c1ccccc1,,-1.498,NC(=O)CNC(=O)COC(=O)c1ccccc1
825,829.0,A-830,,XZTUSOXSLKTKJQ-UHFFFAOYSA-N,O=C1OCC(=C1)C1C2(C)C(O)(C3C(C4(C)C(CC(O)CC4)CC3)CC2)CC1,,-4.574,CC12CCC(O)CC1CCC1C2CCC2(C)C(C3=CC(=O)OC3)CCC12O
826,830.0,A-831,,YAPQBXQYLJRXSA-UHFFFAOYSA-N,O=c1n(C)c2ncn(C)c2c(=O)[nH]1,,-2.58679,Cn1cnc2c1c(=O)[nH]c(=O)n2C
827,831.0,A-832,,YASYVMFAVPKPKE-UHFFFAOYSA-N,S(P(=O)(OC)NC(=O)C)C,,0.54,COP(=O)(NC(C)=O)SC
828,832.0,A-833,,YBPAYPRLUDCSEY-UHFFFAOYSA-N,O=C(N)Cc1ccc(O)cc1,,-2.38601,NC(=O)Cc1ccc(O)cc1
829,833.0,A-834,,YCLSOMLVSHPPFV-UHFFFAOYSA-N,S(SCCC(=O)O)CCC(=O)O,,-0.19,O=C(O)CCSSCCC(=O)O
833,837.0,A-838,,YFBPRJGDJKVWAH-UHFFFAOYSA-N,S(C)c1c(C)cc(OC(=O)NC)cc1C,,-3.921,CNC(=O)Oc1cc(C)c(SC)c(C)c1
837,841.0,A-842,,YIKYNHJUKRTCJL-UHFFFAOYSA-N,O=c1c(O)c(CC)occ1,,-0.89378,CCc1occc(=O)c1O
839,843.0,A-844,,YKGCCFHSXQHWIG-UHFFFAOYSA-N,O=c1cc2sc3c(nc2cc1)cccc3,,-3.716,O=c1ccc2nc3ccccc3sc-2c1
844,848.0,A-849,,YNARWAUTTJJADX-UHFFFAOYSA-N,S=c1n(C)c2c(n(CC)c3ncccc13)nccc2,,-4.63,CCN1c2ncccc2C(=S)N(C)c2cccnc21
850,854.0,A-855,,YOJAHJGBFDPSDI-UHFFFAOYSA-N,O=[N+]([O-])c1ccc(C(=O)OC)cc1,,-3.035,COC(=O)c1ccc([N+](=O)[O-])cc1
852,856.0,A-857,,YREQHYQNNWYQCJ-UHFFFAOYSA-N,O(CC(C)(C)c1ccc(OCC)cc1)Cc1cc(Oc2ccccc2)ccc1,,-8.59998,CCOc1ccc(C(C)(C)COCc2cccc(Oc3ccccc3)c2)cc1
853,857.0,A-858,,YRHRIQCWCFGUEQ-UHFFFAOYSA-N,O=c1c2c(sc3c1cccc3)cccc2,,-5.54,O=c1c2ccccc2sc2ccccc12
856,860.0,A-861,,YUWFEBAXEOLKSG-UHFFFAOYSA-N,Cc1c(C)c(C)c(C)c(C)c1C,,-5.23,Cc1c(C)c(C)c(C)c(C)c1C
857,861.0,A-862,,YVWZWRFAFZRJGU-UHFFFAOYSA-N,O=C(COC(=O)c1ccccc1)N1CCC(O)CC1,,-1.349,O=C(OCC(=O)N1CCC(O)CC1)c1ccccc1
860,864.0,A-865,,YZVWKHVRBDQPMQ-UHFFFAOYSA-N,Nc1c2c3c4c(cc2)cccc4ccc3cc1,,-0.61272,Nc1ccc2ccc3cccc4ccc1c2c34
861,865.0,A-866,,ZAFYATHCZYHLPB-UHFFFAOYSA-N,O=C(N(C)C)Cc1c(c2ccc(C)cc2)nc2n1cc(C)cc2,,-1.297,Cc1ccc(-c2nc3ccc(C)cn3c2CC(=O)N(C)C)cc1
862,866.0,A-867,,ZCINFQNVNLHJOV-UHFFFAOYSA-N,O=[N+]([O-])C1=C(OCC)C(=O)N(C(C)C)C1,,-4.331,CCOC1=C([N+](=O)[O-])CN(C(C)C)C1=O
865,869.0,A-870,,ZEKZLJVOYLTDKK-UHFFFAOYSA-N,Fc1c(N2CC(C)NCC2)c(F)cc2c(=O)c(C(=O)O)cn(CC)c12,,-2.3328,CCn1cc(C(=O)O)c(=O)c2cc(F)c(N3CCNC(C)C3)c(F)c21
866,870.0,A-871,,ZGEGCLOFRBLKSE-UHFFFAOYSA-N,C(=C)CCCCC,,-3.73,C=CCCCCC
867,871.0,A-872,,ZGRYQDHDZGJMNF-UHFFFAOYSA-N,S(=O)(=O)(N)c1sc2c(S(=O)(=O)CC(O)C2)c1,,-1.589,NS(=O)(=O)c1cc2c(s1)CC(O)CS2(=O)=O
869,873.0,A-874,,ZISSAWUMDACLOM-UHFFFAOYSA-N,C(C(C)C)(C)(C)C,,-4.36,CC(C)C(C)(C)C
870,874.0,A-875,,ZJJXGWJIGJFDTL-UHFFFAOYSA-N,S(=O)(=O)(NC(=O)NC1CCCCC1)c1ccc(CCNC(=O)c2ncc(C)nc2)cc1,,-5.4881,Cc1cnc(C(=O)NCCc2ccc(S(=O)(=O)NC(=O)NC3CCCCC3)cc2)cn1
871,875.0,A-876,,ZJYJZEAJZXVAMF-UHFFFAOYSA-N,O=[N+]([O-])c1cc2c(cc1)cccc2,,-3.824,O=[N+]([O-])c1ccc2ccccc2c1
874,878.0,A-879,,ZMISODWVFHHWNR-UHFFFAOYSA-N,OC(c1ccccc1)(c1ccccc1)C1CCNCC1,,-1.386,OC(c1ccccc1)(c1ccccc1)C1CCNCC1
877,881.0,A-882,,ZNSSPLQZSUWFJT-UHFFFAOYSA-N,O=C(OCCCCC)c1ccc(O)cc1,,-3.813,CCCCCOC(=O)c1ccc(O)cc1
881,885.0,A-886,,ZRVUJXDFFKFLMG-UHFFFAOYSA-N,O=C(Nc1sc(C)cn1)C1=C(c2c(S(=O)(=O)N1C)cccc2)O,,-2.99568,Cc1cnc(NC(=O)C2=C(O)c3ccccc3S(=O)(=O)N2C)s1
883,887.0,A-888,,ZTMKADLOSYKWCA-UHFFFAOYSA-N,O=c1n(c(=O)c2c([nH]1)CCC2)C1CCCCC1,,-4.59,O=c1[nH]c2c(c(=O)n1C1CCCCC1)CCC2
886,890.0,A-891,,ZWUAUTPCFIIFAS-UHFFFAOYSA-N,O=C(N(C(C)C)C(C)C)COC(=O)c1ccccc1,,-3.341,CC(C)N(C(=O)COC(=O)c1ccccc1)C(C)C
890,894.0,A-895,,ZXQYGBMAQZUVMI-UHFFFAOYSA-N,ClC(=CC1C(C)(C)C1C(=O)OC(C#N)c1cc(Oc2ccccc2)ccc1)C(F)(F)F,,-8.179996,CC1(C)C(C=C(Cl)C(F)(F)F)C1C(=O)OC(C#N)c1cccc(Oc2ccccc2)c1
891,895.0,A-896,,ZXVONLUNISGICL-UHFFFAOYSA-N,O=[N+]([O-])c1c(O)c(C)cc([N+](=O)[O-])c1,,-1.46,Cc1cc([N+](=O)[O-])cc([N+](=O)[O-])c1O
892,896.0,A-897,,ZYJPUMXJBDHSIF-NSHDSACASA-N,O=C(OC(C)(C)C)N[C@H](C(=O)O)Cc1ccccc1,,-2.1549,CC(C)(C)OC(=O)NC(Cc1ccccc1)C(=O)O
893,897.0,A-898,,ZZLCFHIKESPLTH-UHFFFAOYSA-N,Cc1ccc(c2ccccc2)cc1,,-4.62,Cc1ccc(-c2ccccc2)cc1
